text,label
Yıllardır hayalini kurduğum o küçük sahil kasabasına nihayet taşındım.,mutluluk
Sabah uyandığımda penceremdeki kuşların şarkısı içimi huzurla doldurdu.,mutluluk
Bahçeye diktiğim domates fidelerinin ilk meyvesini verdiğini gördüm.,mutluluk
Uzun süren sakatlığımın ardından bugün ilk kez sahada koşabildim.,mutluluk
Zorlu bir ameliyattan çıkan kedimin tamamen iyileştiğini müjdelediler.,mutluluk
Yazdığım makale uluslararası prestijli bir bilim dergisinde yayımlandı.,mutluluk
Akşamüstü deniz kenarında yürürken batan güneşin renkleri büyüleyiciydi.,mutluluk
En sevdiğim grubun konser biletini aylar öncesinden tükenmeden almayı başardım.,mutluluk
Kardeşimin üniversite mezuniyetinde diplomasını alırken gözlerim gururla doldu.,mutluluk
Zorlu bir diyet ve spor programının ardından hedeflediğim kiloya ulaştım.,mutluluk
Evin bodrumunda anneannemden kalma antika el dokuması bir kilim buldum.,mutluluk
Yeni geliştirdiğim mobil uygulama ilk gününde binlerce indirme aldı.,mutluluk
Yağmurlu bir günde sıcak çikolatamı yudumlayıp kitabıma odaklanmak harika.,mutluluk
Yıllardır çözülemeyen o matematik probleminin mantığını nihayet kavradım.,mutluluk
Komşumuzun kaybolan köpeğini sokakta bulup sahibine teslim ettik.,mutluluk
Yaptığım ekmeğin fırından çıktığı anki kokusu tüm evi sardı.,mutluluk
Çocukluk arkadaşımla yıllar sonra karşılaşıp eski günleri yad ettik.,mutluluk
Şirketteki projem yönetim kurulu tarafından ayakta alkışlandı.,mutluluk
Dağ yürüyüşünde zirveye ulaştığımda karşımdaki manzara nefes kesiciydi.,mutluluk
Bugün aldığım piyango biletine küçük de olsa bir ikramiye çıktı.,mutluluk
Yeni aldığım kulaklıkla en sevdiğim şarkıyı dinlemek bambaşka bir keyif.,mutluluk
Kursun sonunda sertifikamı elime aldığımda emeğimin karşılığını hissettim.,mutluluk
Uzun zamandır aradığım o nadir plak albümünü bir sahafta buldum.,mutluluk
Bebeğimin ilk defa bana bakarak gülümsediği anı asla unutmayacağım.,mutluluk
Kış ortasında açan o güzel kardelen çiçeği içimi umutla kapladı.,mutluluk
Gökyüzündeki bulutların şeklini bir şeylere benzetmek beni çocukluğuma götürdü.,mutluluk
Resim sergimdeki ilk tablomu yabancı bir koleksiyoner satın aldı.,mutluluk
Hafta sonu ailemle birlikte doğanın kalbinde harika bir piknik yaptık.,mutluluk
"Boyadığım eski sehpa odanın havasını tamamen değiştirdi, çok estetik oldu.",mutluluk
Sınav maratonu bittiği için üzerimdeki o büyük yükün kalktığını hissediyorum.,mutluluk
Akşam yemeği için yaptığım sufle tam istediğim kıvamda akışkan oldu.,mutluluk
Tuttuğum takım son saniye golüyle şampiyonluğunu ilan etti.,mutluluk
Bahar temizliğinden sonra odamın mis gibi kokması beni çok rahatlattı.,mutluluk
Gönderdiğim şiir yerel bir edebiyat dergisinde baş köşede basılmış.,mutluluk
Eski bir montumun cebinden unuttuğum bir miktar nakit para çıktı.,mutluluk
Uzun bir aradan sonra memleketime dönüp anne yemeği yemek paha biçilemez.,mutluluk
Yeni aldığım bilgisayarın açılış hızı beklediğimden katbekat daha iyi.,mutluluk
Sokaktaki yavru kediler için yaptığımız kulübeye hemen yerleştiler.,mutluluk
Ofiste terfi aldığım haberi e-posta kutuma az önce düştü.,mutluluk
Doğa yürüyüşünde daha önce hiç görmediğim endemik bir bitki türü keşfettim.,mutluluk
Akvaryumdaki balıklarımın bugün yumurtladığını fark edince çok sevindim.,mutluluk
Tasarladığım web sitesi kullanıcılar tarafından tam not aldı.,mutluluk
Sabah erken saatte denizin çarşaf gibi düzgün olduğunu görmek harikaydı.,mutluluk
Kursiyerlerimin gelişimini gördükçe öğretmenlik mesleğine yeniden aşık oluyorum.,mutluluk
Yıllar önce diktiğimiz çınar ağacının gölgesinde oturup çay içtik.,mutluluk
Uzun süredir üzerinde çalıştığım heykel çalışma nihayet tamamlandı.,mutluluk
Arkadaşlarımla organize ettiğimiz kamp organizasyonu kusursuz geçti.,mutluluk
Yeni taşındığım evin balkonu tam da hayal ettiğim gibi geniş ve ferah.,mutluluk
Çocuğumun okul gösterisinde başrolde oynaması beni çok gururlandırdı.,mutluluk
Kütüphanede saatlerce çalıştıktan sonra hak ettiğim o kahve molası harikaydı.,mutluluk
En sevdiğim saksı çiçeği bakımıma rağmen kuruyup soldu.,uzuntu
Çocukluğumun geçtiği o tarihi ahşap evin yıkıldığını öğrendim.,uzuntu
Yıllardır beslediğim muhabbet kuşumu bu sabah kafesinde cansız buldum.,uzuntu
Çok istediğim o prestijli burs başvurusunun olumsuz sonuçlandığı yazıyor.,uzuntu
En yakın arkadaşımın ani bir kararla başka bir ülkeye taşınması beni sarstı.,uzuntu
Dedemin eski fotoğraflarına bakarken onun yokluğunu derinden hissettim.,uzuntu
Büyük emek verdiğim roman taslağının bilgisayar çökünce silindiğini fark ettim.,uzuntu
Sokakta bacağı kırılmış halde çaresizce bekleyen bir kedi gördüm.,uzuntu
Maçın son dakikasında kendi kalemize attığımız golle turnuvadan elendik.,uzuntu
Yağmurlu havada otobüsü kaçırınca sırılsıklam oldum ve çok çaresiz hissettim.,uzuntu
Küçükken bana masallar anlatan komşu teyzenin vefat haberini aldım.,uzuntu
En sevdiğim fincan elimden kayıp mutfak fayanslarında darmadağın oldu.,uzuntu
Hak ettiğim zammı alamayınca bunca yıllık emeğimin boşa gittiğini anladım.,uzuntu
Eski sevgilimin başkasıyla evlendiğini sosyal medyada görmek içimi acıttı.,uzuntu
Depremzedelerin çadırlarda yaşam mücadelesi verdiğini izlemek beni kahrediyor.,uzuntu
Yıllar önce yazdığım günlüğü okuyunca ne kadar çok hayalimden vazgeçtiğimi gördüm.,uzuntu
Gezi için biriktirdiğim paranın enflasyon karşısında eriyip bittiğini fark ettim.,uzuntu
Annemin dizlerindeki ağrılar yüzünden artık yürümekte zorlanması beni üzüyor.,uzuntu
Memleketimdeki o asırlık ormanın yangında küle döndüğünü televizyonda gördüm.,uzuntu
Haklı olduğum bir konuda kimsenin bana inanmaması beni yalnızlığa itti.,uzuntu
Hayalini kurduğum tiyatro oyununun biletleri saniyeler içinde tükenmiş.,uzuntu
Göçmen çocukların soğukta yalın ayak yürüdüğünü görmek içimi parçaladı.,uzuntu
Hazırladığım akşam yemeğine kimsenin gelmeyeceğini son dakika öğrendim.,uzuntu
Yıllarca emek verdiğim aile şirketimizin iflas bayrağını çektiğini duyduk.,uzuntu
Kuzenimin amansız bir hastalığa yakalandığı haberi ailemizi yasa boğdu.,uzuntu
Çok beğendiğim o tarihi köprünün restorasyon adı altında mahvedildiğini gördüm.,uzuntu
En sevdiğim yazarın son kitabında ana karakterin ölmesi beni ağlattı.,uzuntu
Doğum günümde hiç kimseden tek bir kutlama mesajı bile almadım.,uzuntu
Sahilde yürürken kıyıya vurmuş ölü bir yunus balığına rastladım.,uzuntu
Küçüklük oyuncağımın taşınma esnasında nereye kaybolduğunu bir türlü bulamadım.,uzuntu
Hak ettiğim başarı ödülünün torpille başkasına verilmesi beni yıktı.,uzuntu
"Akşam saatlerinde şehrin üzerini kaplayan o gri, kasvetli hava içimi kararttı.",uzuntu
Eskiden cıvıl cıvıl olan mahallemizin şimdilerde beton yığınına dönmesi çok acı.,uzuntu
Paylaşacak kimsem olmadığı için sevincimi içimde yaşamak zorunda kaldım.,uzuntu
Yıllar boyu biriktirdiğim pul koleksiyonumun rutubetten mahvolduğunu gördüm.,uzuntu
Doktordan aldığım tahlil sonuçları beklediğimden çok daha kötü çıktı.,uzuntu
Sınıfta yaptığım konuşma sırasında herkesin arkamdan fısıldaşıp gülmesi beni incitti.,uzuntu
En çok gitmek istediğim festivalin bu yıl iptal edildiğini duyurdular.,uzuntu
Beslenme çantası boş olan o küçük çocuğu görünce boğazım düğümlendi.,uzuntu
Uzun süredir görmediğim babamın beni tanıyamayacak kadar yaşlandığını fark ettim.,uzuntu
Aldığım yeni ayakkabının daha ilk günden tabanının sökülmesi moralimi bozdu.,uzuntu
Sokak lambasının altında tek başına titreyen o evsiz adam aklımdan çıkmıyor.,uzuntu
Özenle hazırladığım sunum esnasında projeksiyon cihazının bozulması her şeyi mahvetti.,uzuntu
Dinlediğim o eski türkü bana geçmişte kaybettiğim dostlarımı hatırlattı.,uzuntu
Şehrin en eski sinema salonunun yerine AVM yapılacağını öğrendim.,uzuntu
Hak etmediğim halde öğretmenimin beni tüm sınıfın önünde azarlaması ağırıma gitti.,uzuntu
Gökyüzünün günlerdir kapalı olması ruhumu adeta hapsetmiş gibi hissettiriyor.,uzuntu
Yaptığım resmin üzerine kazara su döküldü ve tüm renkler birbirine karıştı.,uzuntu
Hak ettiğim halde milli takım kadrosuna seçilemediğimi öğrendim.,uzuntu
Telefon rehberimde artık asla arayamayacağım insanların numaralarını gördüm.,uzuntu
Sıramı beklerken birinin arsızca önüme kaynak yapmasına tahammül edemiyorum.,ofke
Bilgisayarıma bulaşan virüs yüzünden haftalarca uğraştığım tüm kodlar kilitlendi.,ofke
Müşteri hizmetlerinin beni saatlerce telefonda bekletip yüzüme kapatması çıldırttı.,ofke
Kırmızı ışıkta geçen o şuursuz sürücü az kalsın bana çarpıyordu.,ofke
Ödünç verdiğim pahalı kitabın sayfaları yırtılmış ve lekeli olarak geri geldi.,ofke
Ofiste arkamdan kuyu kazan o iş arkadaşımın ikiyüzlülüğünü nihayet belgeledim.,ofke
Kargo şirketinin sağlam paketlediğim ürünü kırıp suçu bana atması bardağı taşırdı.,ofke
Gecenin üçünde üst kattan gelen matkap sesi yüzünden sinir krizine girecektim.,ofke
Sinema salonunda arkamdaki kişinin sürekli koltuğuma tekme atması beni delirtti.,ofke
Faturama yansıtılan o haksız ek ücreti iptal etmemek için direniyorlar.,ofke
Ortak projede hiçbir şey yapmayıp tüm başarıyı üstlenen o arsıza çok kızgınım.,ofke
Tam kritik bir e-posta gönderirken internet sağlayıcısının bağlantıyı kesmesi çıldırttı.,ofke
Garsonun siparişimi yanlış getirip bir de üstüne beni suçlaması kabul edilemez.,ofke
Arabamı kurallara uygun park ettiğim halde sileceklerimi kırmışlar.,ofke
Telefonuma günde elli tane bahis sitesi mesajı gelmesinden artık bıktım.,ofke
Toplantı saatine yarım saat geç kalıp hiçbir şey olmamış gibi davranıyor.,ofke
Yere izmarit atan o bencil adama uyardığımda bana ters ters bakması sinir bozucu.,ofke
Randevulaştığımız yere gelmeyip telefonlarımı da açmayan o arkadaşı sildim.,ofke
Yeni aldığım telefonun ikinci gününde şarj soketinin bozulması beni çıldırttı.,ofke
Benim fikrimi çalıp müdüre kendi fikriymiş gibi pazarlayan o hırsıza tahammülüm yok.,ofke
Kütüphanede sessiz olunması gerekirken yüksek sesle telefonla konuşan tipler var.,ofke
Ev sahibinin yasal sınırın çok üzerinde fahiş bir zam talep etmesi beni delirtti.,ofke
Tam fırından yemeği çıkaracakken elektriklerin kesilmesi her şeyi berbat etti.,ofke
Taksimetreyi açmamak için kırk dereden su getiren o fırsatçı taksiciye çok sinirlendim.,ofke
Sosyal medyada klavye delikanlılığı yapıp insanlara hakaret edenlerden nefret ediyorum.,ofke
Mağazadan aldığım ürünün defolu olduğunu evde fark edince iade için zorluk çıkardılar.,ofke
Saatlerdir üzerinde çalıştığım tezin üzerine kahve dökülmesi beni çileden çıkardı.,ofke
Kedimi veterinere götürürken toplu taşımada laf atan o cahillere haddini bildirdim.,ofke
Sipariş ettiğim yemeğin buz gibi ve dökülmüş bir şekilde gelmesi sabrımı taşırdı.,ofke
Söylediğim sırrı tüm ofise yayan o güvenilmez insandan hesap soracağım.,ofke
Otobüste yüksek sesle video izleyip kulaklık takmayan bencil insanlara sinir oluyorum.,ofke
Tam önemli bir iş görüşmesindeyken kapıya gelen pazarlamacının zili ısrarla çalması delirtti.,ofke
Hak etmediğim halde yöneticimin hırslarını benden çıkarmasını asla kabul etmiyorum.,ofke
Tam tatile çıkacakken uçuşun sebepsiz yere iptal edilmesi beni çileden çıkardı.,ofke
Benimle konuşurken sürekli telefonuna bakan o saygısız insana karşı öfkem büyük.,ofke
Otoparkta iki arabalık yere tek başına park eden bencil sürücüye çok kızgınım.,ofke
Tam ödeme yapacakken banka kartımın sebepsiz yere bloke edilmesi beni delirtti.,ofke
Arkadaşımın verdiğim sırları başkalarına malzeme yaptığını öğrenince küplere bindim.,ofke
Sokak hayvanlarına eziyet eden o vicdansızların cezasız kalması beni öfkelendiriyor.,ofke
Maç esnasında hakemin göz göre göre aleyhimize penaltı uydurması sabrımı taşırdı.,ofke
İş başvurusunda tüm aşamaları geçmeme rağmen torpilli birinin alınması adil değil.,ofke
Yeni boyattığım duvara üst komşunun su sızdırması yüzünden lekeler oluştu.,ofke
Randevuma tam zamanında gittiğim halde doktorun beni iki saat bekletmesi kabul edilemez.,ofke
Bilgisayarımın güncelleme uyarısı vermeden pat diye kapanması beni çileden çıkardı.,ofke
Arkamdan dedikodu yapıp yüzüme gülen o akrabaları hayatımdan tamamen çıkarıyorum.,ofke
Tam çorba içecekken içinden kıl çıkması midemi bulandırdı ve beni sinirlendirdi.,ofke
Yol çalışması tabelası koymayıp trafiği kilitleyen belediyeye karşı çok öfkeliyim.,ofke
Kargocunun paketi kapıya fırlatıp gittiğini kameradan görünce hemen şikayet ettim.,ofke
Tam en heyecanlı yerinde dizinin arasına otuz dakika reklam girmesi sinir bozucu.,ofke
Emeğimin karşılığını vermeyip bir de üstüne mesaiye kalmamı isteyen patrona kızgınım.,ofke
Aniden bastıran sisten dolayı dağ yolunda önümü göremez hale gelince panikledim.,korku
Gece yarısı evde tek başımayken çatı katından gelen ayak sesleri ödümü kopardı.,korku
Asansörün katlar arasında birdenbire durması ve ışıkların sönmesi beni dehşete düşürdü.,korku
Doktorun biyopsi sonuçları için acilen hastaneye çağırması içimi büyük bir endişeyle kapladı.,korku
Denizde yüzerken ayağıma bir şeyin dolandığını hissedince boğulma tehlikesi hissettim.,korku
Deprem anında duvarların çatlama sesini duymak hayatımdaki en büyük kabustu.,korku
Ormanda kamp yaparken çadırın hemen dışından gelen hırıltı sesiyle donakaldım.,korku
Sokak köpeği sürüsünün hırlayarak üzerime doğru koştuğunu görünce ne yapacağımı şaşırdım.,korku
Şiddetli fırtınada uçağın sürekli irtifa kaybetmesi yolcular arasında panik yarattı.,korku
Yeni doğan bebeğimin bir an nefes alamadığını fark ettiğimde kalbim duracak gibi oldu.,korku
Eski mahzendeki merdivenlerden aşağı inerken etrafı saran o karanlık içimi ürpertti.,korku
Arkamdan gelen o maskeli adamın beni takip ettiğinden artık tamamen emindim.,korku
Laboratuvardaki kimyasal tüpün çatladığını ve gaz sızdırdığını görünce dehşete kapıldım.,korku
Tünelin ortasındayken tavanın çatırdamaya başlamasıyla kaçacak yer aradım.,korku
Çocuğumun kalabalık pazar yerinde bir anda elimi bırakıp kaybolması kabus gibiydi.,korku
Gece rüyamda yüksek bir uçurumdan aşağı son hızla düştüğümü görerek sıçradım.,korku
Arabanın frenlerinin tutmadığını o keskin viraja girmeden hemen önce fark ettim.,korku
Eski akıl hastanesinin koridorlarında yankılanan o fısıltı sesleri tüylerimi diken diken etti.,korku
Evin mutfağında devasa bir akrebin tezgahın üzerinde yürüdüğünü gördüm.,korku
Şirketin finansal kriz nedeniyle tüm çalışanları işten çıkaracağı söylentisi korkutuyor.,korku
Lunaparktaki hızlı trende emniyet kemerimin gevşediğini hissettiğim an dehşete düştüm.,korku
Dağ tırmanışında bastığım kayanın kırılmasıyla boşlukta asılı kaldım.,korku
Bilmediğim yabancı bir ülkenin tekinsiz bir sokağında gece yarısı kayboldum.,korku
Doktor kalbimin ritminde ciddi bir bozukluk olduğunu söyleyince çok endişelendim.,korku
Yangın alarmının çalmasıyla otel koridorunu yoğun bir duman kapladı.,korku
Eski evin tavan arasındaki o porselen bebeğin gözlerinin oynadığını sandım.,korku
Gece göl kenarında yürürken suyun içinden devasa bir karaltının fırlaması ürküttü.,korku
Sınırı geçerken silahlı askerlerin bizi durdurup sorgulamaya başlaması korkunçtu.,korku
Vahşi doğa gezisinde çalıların arkasından bir ayının kafasını uzattığını gördüm.,korku
"Telefonuma gelen bilinmeyen numaradan ""Seni izliyorum"" mesajı beni dehşete düşürdü.",korku
Fabrikadaki gaz tankının basınç göstergesinin kırmızı alarm verdiğini fark ettim.,korku
Yoğun bakımdaki yakınımın bağlı olduğu cihazdan uzun bir bip sesi yükseldi.,korku
Gece arabayla ilerlerken farların birden sönmesiyle zifiri karanlıkta kaldım.,korku
Evin kapısının zorlandığını içeriden kilit seslerini duyarak fark ettim.,korku
Büyük bir örümceğin yatağımın üzerinde yavaşça ilerlediğini gördüm.,korku
Bilim kurgu filmindeki o yaratığın gerçek hayatta da olabileceği fikri ürkütücü.,korku
Nehirde akıntıya kapılıp şelaleye doğru sürüklendiğimi fark ettiğim an panikledim.,korku
Tiyatro sahnesine çıkmadan hemen önce tüm repliklerimi unuttuğumu fark ettim.,korku
Şiddetli şimşek çakmasıyla birlikte evdeki tüm camlar zangır zangır titredi.,korku
Yapay zekanın insanlığı ele geçireceğine dair senaryolar beni tedirgin ediyor.,korku
Okyanusta tüplü dalış yaparken arkamda bir köpekbalığı gölgesi belirdi.,korku
Tarihi eseri incelerken duvardaki eski bir lanet yazıtını okudum ve ürperdim.,korku
Küçük çocuğun balkondan aşağı sarkar vaziyette durduğunu görünce yüreğim ağzıma geldi.,korku
Gece yürüyüşünde mezarlığın içinden tuhaf bir ağlama sesi geldiğini duydum.,korku
Kimsenin yaşamadığı o metruk binadan dışarıya doğru bir ışık sızıyordu.,korku
Ameliyata girmeden hemen önce narkoz maskesini yüzüme taktıklarında çok korktum.,korku
Kışın donmuş gölün üzerinde yürürken ayağımın altındaki buz katmanı çatladı.,korku
Bilgisayar kameramın ben açmadığım halde yeşil ışığının yandığını gördüm.,korku
Ormandaki bataklığa basıp dibe doğru çökmeye başladığımı hissettim.,korku
Gece uykumdan uyanıp vücudumu hareket ettiremediğimi fark edince karabasan sandım.,korku
Yıllardır ev uysalı sandığım kedimin balkondan uçan kuşu havada yakalaması inanılmazdı.,saskinlik
Hiç ummadığım bir anda çocukluk aşkımın bana evlenme teklif etmesi şoke etti.,saskinlik
Arkeolojik kazıda günümüz teknolojisine ait bir metal parçası bulunduğunu duydum.,saskinlik
Sabah kalktığımda tüm şehrin bir gecede bembeyaz karla kaplandığını gördüm.,saskinlik
Alışveriş merkezindeki çekilişten en lüks model arabanın bana çıktığını öğrendim.,saskinlik
İngilizceyi zar zor konuşan arkadaşımın meğer akıcı şekilde Japonca bildiğini öğrendim.,saskinlik
Laboratuvardaki deney tüpünün mavi yerine aniden parlak pembeye dönüşmesi şaşırttı.,saskinlik
Yıllardır sessiz sakin bilinen komşumuzun gizli bir rock yıldızı olduğu ortaya çıktı.,saskinlik
Sahnede sihirbazın şapkasından güvercin yerine canlı bir iguana çıkarması beklenmedikti.,saskinlik
Telefonumu evde unuttum sanırken montumun astarının içinden çıkmasına şaşırdım.,saskinlik
Sıradan bir taş sandığım nesnenin aslında değerli bir göktaşı olduğunu açıkladılar.,saskinlik
Hiç ders çalışmayan o öğrencinin olimpiyatlarda birinci olduğunu öğrendim.,saskinlik
Ofisteki o sert ve somurtkan müdürün odasında tek başına dans ettiğini gördüm.,saskinlik
Çöpe atılacak o eski tablonun ünlü bir ressama ait orijinal bir eser olduğu belirlendi.,saskinlik
Yol kenarında yürürken bir ağacın gövdesinden su yerine süt fışkırdığını gördüm.,saskinlik
Hiç tanımadığım birinden adıma milyon dolarlık bir miras kaldığı tebliğ edildi.,saskinlik
Yıllar önce denize bıraktığım şişenin içindeki mesajın başka kıtada bulunması mucize.,saskinlik
Mağazadaki cansız mankenin aniden hareket edip bana el sallamasıyla irkildim.,saskinlik
Yeni aldığım papağanın ilk gününde adımı net bir şekilde telaffuz etmesi şaşırttı.,saskinlik
Gökyüzünde bulutsuz havada aynı anda iki tane güneş belirdiğini gördüm.,saskinlik
Sınavdan sıfır beklerken hocanın notları karıştırıp bana yüz vermesi şaşırttı.,saskinlik
Yıllarca benden nefret ettiğini düşündüğüm kişinin gizli hamim olduğunu öğrendim.,saskinlik
Kitabın son sayfasında katilin aslında dedektifin kendisi çıkması şoke ediciydi.,saskinlik
Evin arkasındaki tarlayı kazarken Roma dönemine ait altın sikkeler bulduk.,saskinlik
Hiç bilet almadığım halde e-posta kutumda dünya turu kazandığıma dair resmi yazı gördüm.,saskinlik
Kutup ışıklarının Türkiye semalarında da net bir şekilde izlenebilmesi şaşkınlık yarattı.,saskinlik
En yakın arkadaşımın aslında ikiz kardeşi olduğunu yirmi yıl sonra öğrendim.,saskinlik
Yapay zekanın benimle tamamen felsefi ve duygusal bir dille tartıştığını gördüm.,saskinlik
İş yerindeki sessiz stajyerin holding sahibinin tek oğlu olduğunu öğrendik.,saskinlik
Bahçedeki elma ağacının bu yıl armut meyvesi verdiğini görünce gözlerime inanamadım.,saskinlik
Doğum günümde odama girdiğimde tüm arkadaşlarımın saklandıkları yerden fırlaması şaşırttı.,saskinlik
Hiç yemek yapmayı bilmeyen eşimin muazzam bir suşi tabağı hazırlaması şoke etti.,saskinlik
Antarktika'da buzulların altında yeşil bir vaha keşfedildiğini haberlerde okudum.,saskinlik
Yolda yürürken havadan aniden binlerce balık yağmaya başlaması akıl almazdı.,saskinlik
Yıllardır kayıp olan kedimin beş yıl sonra kapının önünde belirmesi şaşkınlık yarattı.,saskinlik
Yeni aldığım akıllı saatin benim söylemediğim şeyleri tahmin etmesi ürkütücü bir sürprizdi.,saskinlik
Müzedeki o antik heykelin bana ikizim kadar benzediğini fark edince dondum kaldım.,saskinlik
Bir gecede saçlarımın tamamen beyazladığını aynaya bakınca fark ettim.,saskinlik
Dünyanın en kurak çölüne son yüz yılın en büyük selinin vurduğunu gördüm.,saskinlik
Hiç spor yapmayan birinin maratonda profesyonel atletleri geçerek birinci olması şaşırttı.,saskinlik
Evin bodrumunda gizli bir geçit ve oraya açılan kütüphane buldum.,saskinlik
Telefonumun şarjının bir hafta boyunca yüzde yüzde sabit kalması olağanüstüydü.,saskinlik
Çok ucuz bir lokantada dünyanın en lezzetli gurme yemeğini yiyeceğimi tahmin etmezdim.,saskinlik
Aynaya baktığımda yansımamın benden birkaç saniye sonra hareket ettiğini gördüm.,saskinlik
Bilim insanlarının zamanda geriye doğru veri göndermeyi başardıklarını duyurması şoke etti.,saskinlik
Sokaktaki dilencinin altından son model lüks bir spor araba çıkması şaşırttı.,saskinlik
En sevdiğim video oyununun gizli bir bölümünde kendi adımı ve soyadımı gördüm.,saskinlik
Yıllardır görmediğim ilkokul öğretmenimin uçağın yan koltuğunda oturduğunu fark ettim.,saskinlik
Çocuğun elindeki oyuncak uçağın gerçekten havaya uçup gözden kaybolması şaşırttı.,saskinlik
Bir bitkinin müzik çalındığında yapraklarını ritme göre salladığını gözlemledim.,saskinlik
Yıllardır biriktirdiğim tasarım fikirlerini nihayet kendi markam altında hayata geçirdim.,mutluluk
Eski bir hırkamın cebinde çocukken yazdığım gelecek hedefleri listesini bulup yarısını gerçekleştirdiğimi gördüm.,mutluluk
Uzun süren kuraklığın ardından toprağın yağmuru emişini ve etrafa yayılan o taze kokuyu içime çektim.,mutluluk
Aylardır üzerinde çalıştığımız yapay zeka algoritması nihayet minimum hata oranıyla stabil çalışmaya başladı.,mutluluk
Yıllar sonra katıldığım maratonda kendi kişisel rekorumu kırarak bitiş çizgisini geçtim.,mutluluk
Büyükbabamın eski plakçalarını tamir ettirip onun gençlik şarkısını oturma odasında çaldığım an harikaydı.,mutluluk
Sıkıcı geçen bir toplantının ardından yöneticim vizyonumu çok beğendiğini ve bütçe ayıracağını söyledi.,mutluluk
Bahçeye kurduğum teleskopla Satürn'ün halkalarını ilk kez bu kadar net ve canlı görebildim.,mutluluk
Yorucu bir taşınma sürecinin ardından balkona oturup kahvemi yudumlarken doğru kararı verdiğimi anladım.,mutluluk
Üniversitedeki ilk yılımda yazdığım kısa film senaryosu bağımsız bir festivalden fon almaya hak kazandı.,mutluluk
Tarihi bir arşivde ailemin kökenlerine dair üç yüz yıllık el yazması bir belgeye ulaştım.,mutluluk
"Doktor, kronik omurga ağrılarımın tamamen geçtiğini ve artık dilediğim gibi spor yapabileceğimi belirtti.",mutluluk
Aylardır görmediğim yeğenimin havaalanında beni görür görmez koşup boynuma sarılması her şeye değdi.,mutluluk
Kendi imkanlarımla kurduğum serada ilk orkidemin çiçek açtığını bu sabah fark ettim.,mutluluk
Yıllarca uğraştığım restorasyon projesinin ardından antik konağın kapılarını nihayet ziyarete açtık.,mutluluk
Zorlu bir mülakat simülasyonunun ardından jüriden tam puan aldığımı belirten belgeyi imzaladım.,mutluluk
Uzun süredir dargın olduğum kardeşimden gelen samimi ve barışçıl mesaj içimdeki tüm buzları eritti.,mutluluk
Yaptığım ebru sanatı çalışması yerel bir sergide baş köşeye layık görüldü.,mutluluk
Kamp yaparken sabaha karşı çadırı açıp vadinin üzerindeki sis bulutunun dağılışını izlemek büyüleyiciydi.,mutluluk
Şirketin global inovasyon ödülünü kazandığımız haberi tüm ekibe bayram havası yaşattı.,mutluluk
Evde kendi başıma öğrendiğim enstrümanla ilk defa kesintisiz bir parçayı baştan sona çalabildim.,mutluluk
Eski bir kütüphane rafında çocukluğuma ait unutulmuş bir masal kitabının basımını bulup satın aldım.,mutluluk
Tasarladığım mimari projenin çevre dostu binalar listesinde birinci seçildiğini resmi gazetede gördüm.,mutluluk
Gönüllü olarak katıldığım barınak projesinde üç yaşlı köpeğin aynı gün sahiplendirildiğini öğrendim.,mutluluk
Uzun süredir üzerinde düşündüğüm felsefi teoriyi makalemde tutarlı bir şekilde temellendirmeyi başardım.,mutluluk
Akşam yemeğinde ilk kez denediğim Uzak Doğu tarifinin kıvamı ve lezzeti tam restorandaki gibi oldu.,mutluluk
Eski bisikletimi tamamen söküp boyadıktan sonra ilk sürüşü sahil şeridinde yapmak çok keyifliydi.,mutluluk
Yıllardır hayalini kurduğum ahşap atölyesini kurup ilk masamı kendi ellerimle zımparaladım.,mutluluk
Sahnede yaptığım stand-up gösterisinde tüm salonun esprilerime kahkahalarla güldüğünü görmek harikaydı.,mutluluk
Zorlu geçen kış mevsiminin ardından bugün balkonda ilk kez montsuz oturup güneşlendim.,mutluluk
Yazdığım çocuk kitabının ilk baskısının matbaadan taze kokusuyla elime ulaştığı anı unutamam.,mutluluk
Yıllardır çözemediğim o karmaşık yazılım hatasını sabaha karşı tek bir satır kodla düzelttim.,mutluluk
Üniversite kütüphanesinde aradığım nadir biyografi kitabının tek kopyasının rafta beni beklediğini gördüm.,mutluluk
Evdeki eski radyoyu kurcalarken aniden babamın gençliğinde kaydettiği bir ses bandına denk geldim.,mutluluk
Aylarca süren hukuki mücadelenin ardından haksızlığa uğradığım davanın lehime sonuçlandığını öğrendim.,mutluluk
Dağ köyündeki çocuklara ulaştırdığımız kışlık kıyafetlerin ardından onların yüzündeki tebessüm her şeye değerdi.,mutluluk
Kendi ellerimle yaptığım seramik kupadan ilk sabah kahvemi içmenin tadı bambaşkaydı.,mutluluk
Uzun süredir devam eden uykusuzluk problemimi doğa yürüyüşleri ve meditasyon sayesinde tamamen çözdüm.,mutluluk
Sokakta yardıma muhtaç bulup veterinere götürdüğüm martının bugün doğaya salınacak kadar iyileştiğini gördüm.,mutluluk
Ofiste benim adıma düzenlenen sürpriz veda partisi ve arkadaşların hazırladığı video beni çok duygulandırdı.,mutluluk
Yıllardır gitmek istediğim antik kentin basamaklarında oturup gün batımını izlemek harika bir histi.,mutluluk
Yeni taşındığım mahalledeki esnafın beni çok sıcak karşılaması ve ikramlarda bulunması içimi ısıttı.,mutluluk
Yaptığım bilimsel araştırmanın tıp literatüründe yeni bir tedavi yöntemine ışık tutabileceği açıklandı.,mutluluk
Akşamüstü deniz kenarında yürürken suyun üzerinde oluşan yakamoz manzarasını izlemek huzur vericiydi.,mutluluk
Kendi adıma açtığım küçük blog sitesinin ilk ayda on bin tekil ziyaretçiye ulaştığını gördüm.,mutluluk
Zor bir ameliyat geçiren en yakın arkadaşımın yoğun bakımdan normal odaya alındığı haberini aldım.,mutluluk
Evdeki eski sandığı açtığımda dedemin Kurtuluş Savaşı'ndan kalma madalyasını tertemiz bir şekilde buldum.,mutluluk
Yıllardır görmediğim üniversite oda arkadaşımla tesadüfen aynı uçakta yan yana koltuklara düşmüşüz.,mutluluk
Uzun zamandır üzerinde çalıştığım tez savunmamı jüri önünde hiçbir aksilik olmadan başarıyla tamamladım.,mutluluk
Yaz aylarında ektiğim lavanta bahçesinin tamamen mor renge büründüğünü görmek ruhumu dinlendirdi.,mutluluk
Yeni aldığım akıllı fırının ekmek pişirme modunda ilk denememde harika bir baget ekmek yaptım.,mutluluk
Şirket içi yapılan satranç turnuvasında tüm rakiplerimi yenerek şampiyonluk kupasını kaldırdım.,mutluluk
Küçükken kurduğum tüm hayallerin şu anki yetişkin hayatımda birer birer gerçekleştiğini fark ettim.,mutluluk
İş seyahati için gittiğim şehirde boş vaktimde harika bir modern sanat müzesi keşfettim.,mutluluk
Yıllardır hayalini kurduğum o klasik arabayı satın alıp ilk kez garajıma park ettim.,mutluluk
Saksıda yetiştirdiğim limon ağacının bu sabah ilk küçük yeşil meyvesini verdiğini fark ettim.,mutluluk
Eski dostlarımla toplandığımız akşam yemeğinde saatlerce eski anılardan konuşup çok eğlendik.,mutluluk
Geliştirdiğim oyun projesinin Steam'de en çok beklenenler listesine girmesi beni çok mutlu etti.,mutluluk
İnternette paylaştığım yemek tarifinin binlerce kişi tarafından denenip olumlu yorumlar alması harika.,mutluluk
Aylardır süren diyetisyen programımın sonunda ideal yağ oranına ulaştığımı gösteren tahlili aldım.,mutluluk
Yeni taşındığım evin çalışma odasından orman manzarasının görünmesi motivasyonumu iki katına çıkardı.,mutluluk
Kayıp sandığım pasaportumu eski bir seyahat çantasının gizli gözünde sapasağlam buldum.,mutluluk
Katıldığım fotoğrafçılık yarışmasında çektiğim sokak portresi dalında mansiyon ödülü kazandım.,mutluluk
Uzun süredir beklediğim vize onayının pasaportumla birlikte eve kargolandığını gördüm.,mutluluk
Yıllarca emek verdiğim tiyatro topluluğunun galasında tüm biletlerin günler öncesinden satılması gurur verici.,mutluluk
Doğum günümde bana özel bestelenmiş bir şarkı hediye edilmesi hayatımda aldığım en güzel şeydi.,mutluluk
Bahçedeki eski kuyunun etrafını temizleyip etrafına renk renk çiçekler ekerek harika bir alan yarattım.,mutluluk
Şirkette yaptığım veri analizi sunumu sonrasında genel müdürden bizzat tebrik e-postası aldım.,mutluluk
Uzun bir aradan sonra tekrar resim tuvalinin başına geçip renklerin içinde kaybolmak beni rahatlattı.,mutluluk
Kış kampında sabah çadırdan çıkınca gölün üzerindeki buz tabakasının güneşle parıldamasını izledim.,mutluluk
Yenilediğim mutfak tezgahının rengi ve dokusu tam da katalogda hayal ettiğim gibi durdu.,mutluluk
Çocukluk albümümü karıştırırken rahmetli anneannemle gülerken çekilmiş net bir fotoğrafımızı buldum.,mutluluk
Yazdığım şiir kitabının yerel kütüphanenin felsefe ve edebiyat bölümüne kabul edildiğini öğrendim.,mutluluk
Gönüllü öğretmenlik yaptığım köy okulundaki öğrencimin sınavda bölge birincisi olduğunu duydum.,mutluluk
Yeni aldığım koşu ayakkabısının ayağımı hiç vurmadan tam destek sağladığını fark ettim.,mutluluk
Yıllardır biriktirdiğim kahve fincanı koleksiyonum için salonda harika bir vitrin tasarladım.,mutluluk
İş yerinde uzun süredir çözülemeyen lojistik krizini geliştirdiğim yeni rota planıyla çözdüm.,mutluluk
Baharın gelişiyle birlikte sokaktaki tüm erik ağaçlarının bembeyaz çiçek açması içimi neşeyle doldurdu.,mutluluk
Tasarladığım takı modelinin ünlü bir oyuncu tarafından galada takıldığını televizyonda gördüm.,mutluluk
Uzun süredir ertelediğim diş tedavisinin bugün son seansını da hiçbir acı duymadan bitirdim.,mutluluk
Kardeşimin ilk maaşıyla bana en çok istediğim o sanat kitabını alması beni çok duygulandırdı.,mutluluk
Sabah yürüyüşünde deniz kenarında bulduğum pürüzsüz ve simetrik taşları koleksiyonuma ekledim.,mutluluk
Evde beslediğim kaplumbağanın kış uykusundan sağlıklı ve enerjik bir şekilde uyandığını gördüm.,mutluluk
Yıllar önce yazdığım ama yarım bıraktığım romanın son bölümünü bugün nihayet bitirebildim.,mutluluk
Şirket tarafından düzenlenen yurt dışı eğitim programına seçilen üç kişiden biri oldum.,mutluluk
Yeni taşındığım dairenin alt katındaki komşumun bana taze pişmiş börek getirmesi çok hoştu.,mutluluk
Hafta sonu arkadaşlarımla doğada yaptığımız tırmanışta zirve defterine adımı yazmak gurur vericiydi.,mutluluk
Eski ahşap sandalyeleri zımparalayıp pastel tonlara boyayarak balkona yepyeni bir hava kattım.,mutluluk
Yıllarca üzerinde çalıştığım patent başvurusunun Türk Patent Enstitüsü tarafından onaylandığını öğrendim.,mutluluk
Akşam saatlerinde yağan hafif yağmurun altında şemsiyesiz yürümek tüm günün stresini aldı.,mutluluk
Kendi ürettiğim organik balların ilk hasadını yapıp kavanozlara doldururken çok mutluydum.,mutluluk
Zor bir süreçten geçen arkadaşımın nihayet yüzünün güldüğünü ve işlerin yoluna girdiğini gördüm.,mutluluk
Evdeki eski ansiklopedilerin arasından çıkan kurutulmuş dört yapraklı yoncayı şans getirmesi için sakladım.,mutluluk
Yazdığım tiyatro oyununun devlet tiyatroları repertuarına alındığı haberini resmi yazı ile aldım.,mutluluk
Uzun süredir aradığım vintage deri ceketi bir bitpazarında çok uygun fiyata bulup aldım.,mutluluk
Yeni açtığım YouTube kanalımın ilk videosunun organik olarak binlerce izlenmeye ulaşması harika.,mutluluk
Sabah erkenden kalkıp kimseler yokken denizde yüzmenin verdiği o özgürlük hissi paha biçilemez.,mutluluk
Çocuklarımın bahçede kurduğumuz salıncakta kahkahalarla sallanmasını izlemek bana huzur veriyor.,mutluluk
Geliştirdiğim mobil sağlık uygulamasının engelli bireylerin hayatını kolaylaştırdığına dair mesajlar aldım.,mutluluk
Yıllardır gitmediğim o sakin dağ kasabasındaki eski dostumun beni hala aynı sevgiyle kucaklaması harikaydı.,mutluluk
Özenle büyüttüğüm zeytin fidesinin sert kış soğuklarına dayanamayıp kökünden çürüdüğünü gördüm.,uzuntu
Yıllardır biriktirdiğim tüm dijital arşivin yedekleme diski bozulunca bir anda yok olduğunu anladım.,uzuntu
Lisedeyken her gün şakalaştığımız arkadaşımın beni yolda görüp kafasını çevirmesi içimi burktu.,uzuntu
Çok uğraştığım yüksek lisans tezimin danışman hoca tarafından sebepsizce reddedilmesi beni yıktı.,uzuntu
Çocukluğumda gölgesinde oturduğumuz o devasa çınar ağacının yol yapımı için kesildiğini öğrendim.,uzuntu
Annemin gençlik yıllarında çaldığı emektar piyanonun akordunun artık asla yapılamayacağını söylediler.,uzuntu
Büyük umutlarla açtığım küçük sahaf dükkanını borçlar yüzünden bugün tamamen kapatmak zorunda kaldım.,uzuntu
Sokakta yağmurun altında ıslanmış ve titreyen yaşlı bir adamın çöp karıştırdığını görmek beni kahretti.,uzuntu
En sevdiğim yazarın imza gününe yetişemedim ve onun son etkinliği olduğunu öğrenince çok üzüldüm.,uzuntu
Yıllarca emek verdiğim tiyatro oyununun prömiyerinde salonda sadece üç kişinin oturduğunu gördüm.,uzuntu
Eski evimizin duvarındaki boy boy aile fotoğraflarının yangın sonrasında küle döndüğünü fark ettim.,uzuntu
Birlikte büyüdüğüm köpeğimin artık yaşlılıktan dolayı gözlerinin görmediğini ve beni tanımadığını anladım.,uzuntu
Çok beğendiğim tarihi kilisenin bakızlıktan tavanının çöktüğünü ve harabeye döndüğünü gördüm.,uzuntu
Hak ettiğimi düşündüğüm terfi listesinde adımı göremeyince tüm motivasyonumu kaybettim.,uzuntu
Gittiğim eski tatil kasabasının tamamen beton binalarla dolduğunu görünce çocukluğum adına üzüldüm.,uzuntu
"Yazdığım şiirlerin yayınevi tarafından ""günümüz trendlerine uygun değil"" denilerek geri çevrilmesi kırdı.",uzuntu
Bayram sabahı telefonumun gün boyu hiç çalmaması ve evde tek başıma oturmak beni çok yalnız hissettirdi.,uzuntu
En yakın arkadaşımın düğününe çağrılmadığımı sosyal medyadaki paylaşımlardan tesadüfen öğrendim.,uzuntu
Dedemden kalan antika köstekli saatin tamir edilemeyecek şekilde parçalandığını öğrendim.,uzuntu
Doğa yürüyüşü yaparken nehir kenarında plastik atıklar yüzünden ölmüş kuşları görmek içimi acıttı.,uzuntu
Yıllarca biriktirdiğim paradan geriye kalan miktarın enflasyon sebebiyle hiçbir şeye yetmediğini gördüm.,uzuntu
Sınıf öğretmenimin vefat ettiğini ve cenazesinin dün çoktan kaldırıldığını tesadüfen öğrendim.,uzuntu
Büyük emeklerle hazırladığım fotoğraf sergisinin açılışına ailemden kimsenin gelmemesi beni derinden yaraladı.,uzuntu
Eski sevgilimin bana yazdığı mektupları tavan arasında çürümüş ve okunmaz halde buldum.,uzuntu
Şehrin en eski ve köklü kütüphanesinin yıkılıp yerine iş merkezi yapılacağını duymak çok acı.,uzuntu
Yaptığım resim çalışmasının üzerine tavan su sızdırdığı için tüm boyaların aktığını gördüm.,uzuntu
Çocuk esirgeme kurumundaki çocukların gözlerindeki o buruk beklentiyi görmek kalbimi parçaladı.,uzuntu
Zorlu bir sınav döneminin ardından tek bir soru yüzünden hedeflediğim okulu kaçırdığımı öğrendim.,uzuntu
Yıllardır özenle sakladığım ilk okul günlüğüme rutubet bulaştığını ve sayfaların yapıştığını gördüm.,uzuntu
Ofiste haksız yere suçlandığım bir konuda kimsenin arkamda durmayıp sessiz kalması beni çok üzdü.,uzuntu
Sokakta tasmasıyla terk edilmiş ve sahibinin arkasından ağlayan bir evcil köpek gördüm.,uzuntu
"Eski mahallemizdeki komşuluk ilişkilerinin bittiğini, herkesin birbirine yabancılaştığını fark ettim.",uzuntu
En sevdiğim müzik grubunun solistinin genç yaşta hayata gözlerini yumduğunu haberlerde okudum.,uzuntu
Yıllarca üzerinde çalıştığım arkeolojik alanın baraj suları altında kalacağını öğrendim.,uzuntu
Doğum günüm için hazırladığım pastayı evde tek başıma dilimlerken gözyaşlarımı tutamadım.,uzuntu
Küçükken babamla diktiğimiz kayısı ağacının bu yıl kuruduğunu ve hiç yaprak açmadığını gördüm.,uzuntu
Uzun süredir tedavi gören minik kedimin tüm çabalara rağmen bu gece hayatını kaybetmesi beni yıktı.,uzuntu
Hak ettiğim halde milli sporcu bursuna başkasının usulsüz şekilde yerleştirildiğini belgeledim.,uzuntu
Kış günü evsiz bir kadının kucağındaki bebeğiyle kaldırımda uyumaya çalıştığını görmek içimi yaktı.,uzuntu
Yıllar önce bana hediye edilen el emeği atkının güveler tarafından parça pinçik edildiğini gördüm.,uzuntu
Tarihi bir köprünün üzerine sprey boyalarla anlamsız yazılar yazıldığını görmek beni çok üzdü.,uzuntu
Öğretmenlik atamamın bu yıl da gerçekleşmediğini listedeki puanları inceleyince anladım.,uzuntu
Eski bir dostumun hakkımda asılsız dedikodular çıkardığını ortak arkadaşımızdan duymak beni sarstı.,uzuntu
Akşam saatlerinde çöken o gri sis tabakası ve şehrin gürültüsü ruhumu adeta hapsetti.,uzuntu
Tasarladığım web sitesinin kaynak kodlarının çalınıp başka bir isimle piyasaya sürüldüğünü gördüm.,uzuntu
Yıllarca mektuplaştığım yabancı arkadaşımın bana yazdığı son mektubun adresten geri döndüğünü gördüm.,uzuntu
Çocukluk oyuncaklarımı annemin benden habersiz çöpe attığını öğrenince odamda saatlerce ağladım.,uzuntu
Hastanede günlerdir sonuç bekleyen çaresiz insanların yüzündeki o yorgunluğu görmek çok zordu.,uzuntu
En sevdiğim yerel kafenin zincir marketlerden birine dönüştürüldüğünü görünce çok üzüldüm.,uzuntu
Yazdığım ilk tiyatro oyununun dekor yetersizliği nedeniyle sahneden kaldırıldığını bildirdiler.,uzuntu
Umutla beklediğim kargo paketinden çıkan antika vazonun tuzla buz olduğunu gördüm.,uzuntu
Yıllardır emek verdiğim iş yerimin küçülme bahanesiyle beni ilk sırada işten çıkarması ağırıma gitti.,uzuntu
Sokak lambasının soluk ışığı altında tek başına oturan yaşlı kadının yalnızlığı içimi burktu.,uzuntu
Hayatımı adadığım bilimsel projenin bütçe yetersizliği sebebiyle iptal edildiğini açıkladılar.,uzuntu
Köydeki eski okul binasının pencerelerinin kırıldığını ve içine saman doldurulduğunu gördüm.,uzuntu
Çok istediğim konsere gitmek için aldığım biletin sahte çıktığını kapıdaki görevli söyleyince yıkıldım.,uzuntu
Küçükken yazdığım ve gelecekteki kendime seslendiğim mektupta ne kadar saf olduğumu görüp üzüldüm.,uzuntu
Deniz kaplumbağalarının plastik poşetler yüzünden boğulduğuna dair belgeseli izlerken ağladım.,uzuntu
Yıllarca baktığım akvaryumdaki balıkların ani bir elektrik kesintisi ve motor durması yüzünden ölmesi üzdü.,uzuntu
En güvendiğim akrabamın miras paylaşımında bize haksızlık yaptığını öğrenmek beni çok kırdı.,uzuntu
Tarihi el yazması kitapların rutubetli bir depoda çürümeye terk edildiğini görmek içimi acıttı.,uzuntu
Sınav sonucumu öğrenmek için siteye girdiğimde sistem hatası nedeniyle tercih yapamadığımı gördüm.,uzuntu
Eski resim öğretmenimin beni artık hatırlamayacak kadar Alzheimer hastası olduğunu öğrendim.,uzuntu
Paylaşacak kimsem olmadığı için aldığım güzel haberi sadece kendi içimde kutlamak zorunda kaldım.,uzuntu
Kış ortasında yakacağı biten ve evde battaniyeyle oturan komşumuzun durumuna çok üzüldüm.,uzuntu
Çocukluğumun geçtiği sokaktaki tüm ahşap evlerin yıkılıp devasa şantiyeye dönmesi çok acı.,uzuntu
Özenle hazırladığım akşam yemeğine davet ettiğim herkesin son dakika bir bahane sunup gelmemesi kırdı.,uzuntu
Yıllardır sakladığım koleksiyon pullarının üzerine su döküldüğünü ve boyalarının birbirine karıştığını gördüm.,uzuntu
Gittiğim sinemada çocukluğumun en güzel filmlerini oynatan salonun depo yapıldığını fark ettim.,uzuntu
Sokaktaki yaralı kediyi kliniğe yetiştirmeye çalışırken kollarımda son nefesini vermesi beni yıktı.,uzuntu
Hak ettiğim başarı ödülünün torpilli bir müdür yakın hissettiği için başkasına verilmesi beni kırdı.,uzuntu
Akşamüzeri sahil şeridinde tek başına yürürken geçmişte yaptığım hatalar aklıma geldi ve çok üzüldüm.,uzuntu
Yıllarca emek verdiğim aile şirketimizin borç batağı yüzünden icralık olduğunu öğrendik.,uzuntu
Kuzenimin çok ağır bir kaza geçirdiği haberi tüm ailemizi derin bir yasa boğdu.,uzuntu
En sevdiğim çizgi roman serisinin çizerinin hayatını kaybettiğini ve serinin yarım kaldığını öğrendim.,uzuntu
"Doğum günümde hiç kimseden, en yakınlarımdan bile tek bir kutlama mesajı almamak içimi acıttı.",uzuntu
Sahilde yürürken kıyıya vurmuş deniz anaları ve ölü balık yığınlarını görmek beni çok üzdü.,uzuntu
Küçüklük hatıram olan gümüş kolyemin taşınma esnasında nereye kaybolduğunu bir türlü bulamadım.,uzuntu
Sınıfta yaptığım sunum esnasında herkesin kendi arasında konuşup beni hiç dinlememesi beni incitti.,uzuntu
En çok gitmek istediğim caz festivalinin bu yıl sponsor bulamadığı için iptal edildiğini duydum.,uzuntu
Beslenme çantasında sadece kuru ekmek olan o ilkokul öğrencisini görünce boğazım düğümlendi.,uzuntu
Uzun süredir görmediğim babamın beni gördüğünde gözlerindeki o eski ferin söndüğünü fark ettim.,uzuntu
Aldığım yeni montun daha ilk haftadan fermuarının patlaması ve astarının yırtılması moralimi bozdu.,uzuntu
Sokaktaki o yaşlı köpeğin soğuk kaldırımda titreyerek uyumaya çalışması aklımdan çıkmıyor.,uzuntu
Özenle hazırladığım proje dosyasının üzerime çay dökülmesi sonucu okunmaz hale gelmesi çok üzdü.,uzuntu
Dinlediğim o eski halk türküsü bana geçmişte kaybettiğim tüm dostlarımı hatırlattı.,uzuntu
Şehrin en eski sinema salonunun yıkılıp yerine lüks bir otopark yapılacağını öğrendim.,uzuntu
Hak etmediğim halde müdürün hatayı benim üzerime yıkıp beni herkesin içinde azarlaması ağırıma gitti.,uzuntu
Gökyüzünün günlerdir gri bulutlarla kaplı olması içimdeki yaşama sevincini adeta söküp alıyor.,uzuntu
Yaptığım heykel çalışmasının fırınlama aşamasında çatlayıp ikiye ayrıldığını gördüm.,uzuntu
Hak ettiğim halde olimpiyat seçmelerine teknik bir hata yüzünden çağrılmadığımı öğrendim.,uzuntu
Telefon rehberimde gezinirken artık bu dünyada olmayan insanların isimlerini görmek içimi sızlattı.,uzuntu
Birlikte şarkılar bestelediğimiz grubun fikir ayrılıkları yüzünden tamamen dağılması beni çok üzedi.,uzuntu
Çocukların sokakta çamur içinde eski bir lastikle oynamaya çalıştığını görmek içimi burktu.,uzuntu
Yıllardır özenle baktığım akvaryum bitkilerinin bir gecede sararıp solduğunu fark ettim.,uzuntu
En sevdiğim gömleğin çamaşır makinesinde renk atıp tamamen giyilmez hale gelmesi moralimi bozdu.,uzuntu
Kitapçıdaki eski sahaflar bölümünün tamamen boşaltılıp yerine popüler kitaplar dizilmesi üzdü.,uzuntu
Köydeki dede evinin sahipsizlikten çatısının çöktüğünü ve içeri yağmur sularının dolduğunu gördüm.,uzuntu
Yıllardır hayalini kurduğum o sergi salonunun yerinde şimdi büyük bir market zinciri var.,uzuntu
Uzun zamandır biriktirdiğim seyahat notlarımın bilgisayara virüs girmesi sonucu silinmesi beni çok üzdü.,uzuntu
Sıramı beklerken arkadan gelen birinin pişkin bir şekilde önüme geçmesine asla katlanamıyorum.,ofke
Bilgisayarıma sızan bir fidye yazılımı yüzünden aylardır üzerinde çalıştığım tüm tasarımlarım şifrelendi.,ofke
Müşteri hizmetlerinin beni telefonda kırk dakika bekletip ardından yüzüme kapatması beni çıldırttı.,ofke
Kırmızı ışık ihlali yapan o sorumsuz sürücü az kalsın yaya geçidindeki bana çarpıyordu.,ofke
Ödünç verdiğim pahalı mimarlık kitabının sayfaları çizilmiş ve yırtılmış olarak geri getirilmesine çok kızdım.,ofke
Ofiste arkamdan iş çeviren o iki yüzlü iş arkadaşımın yalanlarını nihayet herkesin içinde ortaya çıkardım.,ofke
Kargo şirketinin özenle paketlediğim elektronik ürünü kırıp suçu bana atması bardağı taşıran son damlaydı.,ofke
Gecenin üçünde yan daireden gelen yüksek sesli matkap gürültüsü yüzünden sinir krizi geçirecektim.,ofke
Sinema salonunda arkamda oturan kişinin sürekli olarak koltuğumu tekmelemesi beni delirtti.,ofke
"Aylık faturama yansıtılan o haksız ""kullanım bedeli"" ücretini iptal etmemek için kırk dereden su getiriyorlar.",ofke
Grup projesinde hiçbir işe elini sürmeyip sunumda tüm başarıyı sahiplenen o arsıza çok öfkeliyim.,ofke
Tam sisteme önemli bir evrak yüklerken internet sağlayıcısının bağlantıyı aniden kesmesi beni çıldırttı.,ofke
Garsonun siparişimi tamamen yanlış getirip bir de üstüne beni yanlış duymakla suçlaması kabul edilemez.,ofke
Arabamı nizami bir şekilde park ettiğim halde sileceklerimi kırıp aynama zarar vermişler.,ofke
Telefonuma günde onlarca farklı bahis sitesinden spam mesajı gelmesinden artık gerçekten bıktım.,ofke
Toplantı saatine yarım saat geç kalıp üstelik hiçbir şey olmamış gibi lakayıt davranıyor.,ofke
Yere çöp atan o bencil adamı nazikçe uyardığımda bana ters ters bakıp küfretmesi sinir bozucu.,ofke
Randevulaştığımız yere zamanında gelmeyip üstelik telefonlarımı da açmayan o insanı hayatımdan sildim.,ofke
Yeni aldığım bilgisayarın daha ikinci gününde ana kartının yanması beni kelimenin tam anlamıyla çıldırttı.,ofke
Benim özgün fikrimi çalıp müdüre kendi fikriymiş gibi pazarlayan o hırsıza karşı öfkem çok büyük.,ofke
Kütüphanenin sessiz çalışma alanında yüksek sesle telefonla konuşan şuursuz tiplere tahammülüm kalmadı.,ofke
"Ev sahibinin yasal sınırın çok üzerinde, fahiş bir kira zammı talep etmesi beni delirtti.",ofke
Tam fırındaki yemeğin pişmesine beş dakika kalmışken elektriklerin kesilmesi tüm emeğimi berbat etti.,ofke
Taksimetreyi açmamak için bin bir tane bahane uyduran o fırsatçı taksiciye çok sinirlendim.,ofke
Sosyal medyada sahte hesaplar arkasına saklanıp insanlara hakaret yağdıran zavallılardan nefret ediyorum.,ofke
Mağazadan aldığım montun defolu olduğunu evde fark edip götürdüğümde iade almamak için zorluk çıkardılar.,ofke
Saatler boyunca üzerinde uğraştığım makale taslağının üzerine kahve dökülmesi beni çileden çıkardı.,ofke
Kedimi taşıma çantasında veterinere götürürken toplu taşımada laf atan o cahillere haddini bildirdim.,ofke
"Sipariş ettiğim yemeğin buz gibi, ambalajı patlamış ve dökülmüş bir şekilde gelmesi sabrımı taşırdı.",ofke
Kendisine güvenip söylediğim en özel sırrımı tüm ofise yayan o güvenilmez insandan hesap soracağım.,ofke
Metroda kulaklık takmadan yüksek sesle video izleyen o bencil ve saygısız insanlara sinir oluyorum.,ofke
Tam çok kritik bir iş görüşmesindeyken kapıya gelen pazarlamacının zili ısrarla çalması beni delirtti.,ofke
Hak etmediğim halde yöneticinin kendi kişisel hırslarını ve stresini benden çıkarmasını asla kabul etmiyorum.,ofke
Aylar öncesinden planladığım tatile çıkacakken uçuşun sebepsiz yere iptal edilmesi beni çileden çıkardı.,ofke
Benimle yüz yüze konuşurken sürekli elindeki telefonla oynayan o saygısız insana karşı öfkeliyim.,ofke
Otoparkta iki arabalık çizgiyi ortalayarak bencilce park eden o sürücüye çok kızgınım.,ofke
Tam online ödeme yapacakken banka kartımın sistem hatası nedeniyle bloke edilmesi beni delirtti.,ofke
Arkadaşımın benim verdiğim fikirleri başkalarına kendi fikri gibi satıp prim yaptığını öğrenince küplere bindim.,ofke
Sokak hayvanlarına canice eziyet eden o vicdansız yaratıkların adalet önünde cezasız kalması beni öfkelendiriyor.,ofke
Maç esnasında hakemin göz göre göre bizim takım aleyhine uydurma bir penaltı vermesi sabrımı taşırdı.,ofke
İş başvurusunda tüm teknik aşamaları birincilikle geçmeme rağmen torpilli birinin işe alınması adil değil.,ofke
Yeni boyattığım salon duvarına üst komşunun banyosundan su sızması ve sarı lekeler oluşması delirtti.,ofke
Randevuma tam saatinde gittiğim halde doktorun beni koridorda iki saat bekletmesi kabul edilemez bir saygısızlık.,ofke
"Bilgisayarımın hiçbir uyarı vermeden, tam kaydetme esnasında pat diye kapanması beni çileden çıkardı.",ofke
Arkamdan gıybetimi yapıp yüzüme karşı melek gibi davranan o akrabaları hayatımdan tamamen eliyorum.,ofke
Tam çorbadan bir kaşık alacakken içinden upuzun bir saç kılı çıkması midemi bulandırdı ve beni sinirlendirdi.,ofke
Yol çalışması tabelası koymayıp sabah trafiğini felç eden belediye ekiplerine karşı çok öfkeliyim.,ofke
Kargocunun kırılacak ibaresi olan paketi kapının önüne fırlatıp gittiğini kameradan görünce çok sinirlendim.,ofke
"Tam filmin en heyecanlı, katilin açıklanacağı sahnesinde araya otuz dakika reklam girmesi sinir bozucu.",ofke
Bütün ay eşek gibi çalışıp mesai ücretimin yatırılmadığını görünce patronun odasına hışımla daldım.,ofke
Asansörün kapısını bilerek tutup gelmemi engelleyen o bencil komşuya koridorda haddini bildirdim.,ofke
Sokakta yürürken sigara dumanını tam yüzüme doğru üfleyen o görgüsüz adama çok sinirlendim.,ofke
Araba satın alırken ekspertiz raporunda kazasız denilen aracın pert çıktığını öğrenince dolandırıcıyı aradım.,ofke
Telefon rehberimdeki numaraların benden izinsiz reklam şirketlerine satılmış olmasına çok öfkeliyim.,ofke
Kütüphanede fosforlu kalemle kitap sayfalarını hunharca çizen o saygısız öğrenciye çok kızdım.,ofke
Kendi hatası yüzünden yere düşürdüğü bardağın faturasını garsona kesmeye çalışan o müşteriye bağırdım.,ofke
Tam önemli bir dosya indirirken internet hızını bilinçli olarak düşüren operatör firmasına öfkeliyim.,ofke
Apartman boşluğuna sürekli çöp ve izmarit atan o pis komşuyu polise şikayet edeceğim.,ofke
Eski ortağımın şirketin kasasından gizlice para tırtıkladığını belgeleriyle görünce küplere bindim.,ofke
Siparişim iki saat geç geldi ve restoran sahibi bir de üstüne yoğunluk var diye yalan söylüyor.,ofke
Kaldırıma sıfır yanaşıp yayaların geçişini tamamen kapatan o lüks cipin sahibine çok kızgınım.,ofke
Yeni aldığım kulaklığın daha ilk haftadan tek tarafının ses vermeyi kesmesi beni delirtti.,ofke
Otobüs şoförünün durakta beklediğimi gördüğü halde durmayıp gaza basıp gitmesi sabrımı taşırdı.,ofke
Benim emeğimle hazırlanan projeye kendi adını yazıp üst yönetime sunan o hırsız iş arkadaşından nefret ediyorum.,ofke
Evdeki internetin günlerdir kapalı olması yetmezmiş gibi arıza kaydını da sürekli kapatıyorlar.,ofke
Mağazada sıraya girmeden kasaya ilerleyen o kadını sert bir dille arkaya gönderdim.,ofke
Güvenlik kamerasından arabamın kapısını çizip kaçan komşuyu görünce sinirden gözüm döndü.,ofke
Sözleşmede yazan maddeleri çiğneyip benden ek ücret talep eden o avukata çok öfkeliyim.,ofke
Tam en sevdiğim şarkıyı dinlerken uygulamanın sürekli donması ve hata vermesi beni çıldırtıyor.,ofke
Yemek siparişimde acısız istememe rağmen içine bolca pul biber basan o ustaya çok kızgınım.,ofke
Okul panosundaki projemi yırtıp çöpe atan o kıskanç sınıf arkadaşımı müdüre şikayet ettim.,ofke
Spor salonunda ağırlıkları yerini koymayıp etrafta bırakan o saygısız tipler beni delirtiyor.,ofke
Tam sınav saatinde okulun yanında inşaat çalışması başlatıp gürültü yapanlara çok öfkeliyim.,ofke
Arabamın dikiz aynasına çarpıp hiçbir not bırakmadan kaçan o korkak sürücüye çok kızgınım.,ofke
Banka şubesinde tek bir işlem için beni üç saat sırada bekleten sisteme lanet ettim.,ofke
Evcil hayvanımı kabul etmeyeceğini son dakika söyleyen o bencil otel sahibine çok sinirlendim.,ofke
Fikirlerimi küçümseyerek bıyık altından gülen o ukala akademisyene haddini bildirmek şart oldu.,ofke
Tam yola çıkacakken arabanın tekerleğine çivi saplandığını görmek beni çileden çıkardı.,ofke
Sosyal medyada adıma asılsız iddialar ortaya atan o müfteriden mahkemede hesap soracağım.,ofke
Kargomun başka bir şehre yanlışlıkla gönderildiğini öğrenince müşteri hizmetlerine bağırdım.,ofke
Benimle konuşurken sürekli sözümü kesip kendi başarılarını anlatan o egoiste çok kızgınım.,ofke
Tam uykunun en tatlı yerinde sokaktan geçen hurdacının megafonla bağırması beni delirtti.,ofke
Yeni boyattığım ayakkabının üzerine basıp özür bile dilemeden geçen o adama çok sinirlendim.,ofke
Şirket bilgisayarına yüklenen casus yazılımla bizi izleyen o patrona dava açacağım.,ofke
Kütüphaneden aldığım kitabın içine sakız yapıştırıldığını görünce bunu yapana çok öfkelendim.,ofke
"Söz verdiği saatte gelmeyip üstüne bir de ""unuttum"" diyen o lakayıt arkadaşa çok kızgınım.",ofke
Tam ödeme yapacakken pos cihazının arızalanması ve markette rezil olmak beni delirtti.,ofke
Evimin önüne arabasını bencilce park edip garaj girişini kapatan o sürücüye çok öfkeliyim.,ofke
Tasarımımı taklit edip kendi markasıymış gibi satan o uyanık tasarımcıya dava açıyorum.,ofke
Otobüste yer vermediğim için bana hakaret eden o saygısız yaşlı adama çok sinirlendim.,ofke
Tam raporu teslim edecekken ofis yazıcısının kağıt sıkıştırması beni çileden çıkardı.,ofke
İnternet faturama yansıtılan gizli abonelik ücretlerini görünce firmayı aramaya karar verdim.,ofke
Sokakta kedi beslediğim için bana bağıran o vicdansız komşuyla büyük bir kavga ettik.,ofke
İş başvurusunda yetkinliklerimi küçümseyen o insan kaynakları uzmanına çok öfkelendim.,ofke
Tam en sevdiğim dizinin sezon finalindeyken televizyonun ekranının kararması beni delirtti.,ofke
Arkamdan kuyumu kazan o akrabamın yüzüne karşı tüm gerçekleri bir bir haykırdım.,ofke
Yeni aldığım tavan vantilatörünün daha ilk çalıştırmada yerinden çıkıp düşmesi beni çıldırtı.,ofke
Sözleşmeyi tek taraflı feshedip beni mağdur eden o emlakçıya karşı çok öfkeliyim.,ofke
"Yemekte kıl çıktığını söylediğimde ""olur öyle şeyler"" diyen şefe çok sinirlendim.",ofke
Tam önemli bir maçı izlerken uydunun sinyal hatası vermesi beni çileden çıkardı.,ofke
Aniden bastıran yoğun sisten dolayı ıssız dağ yolunda önümü hiç göremez hale gelince büyük panik yaşadım.,korku
Gece yarısı evde tek başımayken çatı katından gelen düzenli ayak sesleri ödümü kopardı.,korku
Asansörün katlar arasında birdenbire büyük bir gürültüyle durması ve ışıkların sönmesi beni dehşete düşürdü.,korku
Doktorun biyopsi sonuçları için beni acilen hastaneye çağırması içimi tarif edilemez bir endişeyle kapladı.,korku
Gece denizde yüzerken ayağıma bilinmeyen bir canlı nesnenin dolandığını hissedince boğulma korkusu yaşadım.,korku
Deprem anında kolonların çatlama ve betonun esneme sesini duymak hayatımdaki en büyük kabustu.,korku
Zifiri karanlıkta ormanda kamp yaparken çadırın hemen dışından gelen hırıltı ve nefes sesiyle donakaldım.,korku
Sokak köpeği sürüsünün hırlayarak üzerime doğru hızla koştuğunu görünce kaçacak yer bulamadım.,korku
Şiddetli fırtınada uçağın sürekli türbülansa girip irtifa kaybetmesi yolcular arasında büyük bir panik yarattı.,korku
Yeni doğan bebeğimin bir an nefes alamayıp morardığını fark ettiğimde kalbim duracak gibi oldu.,korku
Eski mahzendeki dik merdivenlerden aşağı inerken etrafı saran o mutlak karanlık içimi ürpertti.,korku
Arkamdan gelen o kapüşonlu adamın adımlarını hızlandırıp beni takip ettiğinden artık tamamen emindim.,korku
Laboratuvardaki kimyasal gaz tüpünün çatladığını ve zehirli duman sızdırdığını görünce dehşete kapıldım.,korku
Eski maden tünelinin ortasındayken tavan ahşaplarının çatırdamaya başlamasıyla kaçacak delik aradım.,korku
Çocuğumun kalabalık pazar yerinde bir anda elimi bırakıp gözden kaybolması hayatımın en büyük korkusuydu.,korku
"Gece rüyamda sonsuz bir boşluğa, yüksek bir uçurumdan aşağı son hızla düştüğümü görerek kan ter içinde sıçradım.",korku
Arabanın frenlerinin patladığını ve tutmadığını o keskin uçurumlu viraja girmeden hemen önce fark ettim.,korku
Tarihi akıl hastanesinin terk edilmiş koridorlarında yankılanan o tuhaf fısıltı sesleri tüylerimi diken diken etti.,korku
Evin mutfağında devasa siyah bir akrebin tezgahın üzerinde bana doğru yürüdüğünü gördüm.,korku
Şirketin finansal kriz nedeniyle önümüzdeki ay tüm çalışanları işten çıkaracağı söylentisi geleceğe dair korkutuyor.,korku
Lunaparktaki hızlı trende tam ters dönmüşken emniyet kemerimin gevşediğini hissettiğim an dehşete düştüm.,korku
Dağ tırmanışında bastığım kayanın kırılmasıyla emniyet ipinde boşlukta asılı kaldığım an çok korktum.,korku
Hiç bilmediğim yabancı bir ülkenin tekinsiz ve karanlık bir ara sokağında gece yarısı yapayalnız kayboldum.,korku
Kardiyolog kalbimin ritminde ciddi ve hayati bir bozukluk olduğunu söyleyince içimi ölüm korkusu kapladı.,korku
Yangın alarmının acı acı çalmasıyla birlikte otel koridorunu yoğun ve boğucu bir duman tabakası kapladı.,korku
Eski evin tavan arasındaki o tozlu porselen bebeğin gözlerinin bana bakarak oynadığını sandım.,korku
Gece sisli göl kenarında yürürken suyun içinden devasa bir karaltının aniden fırlaması beni ürküttü.,korku
Sınırı geçerken silahlı askerlerin arabamızı durdurup bizi araçtan indirerek sorgulamaya başlaması korkunçtu.,korku
Vahşi doğa gezisinde çalıların arkasından devasa bir bozayının kafasını uzattığını gördüm.,korku
"Telefonuma gelen bilinmeyen numaradan ""Şu an hangi odada olduğunu biliyorum"" mesajı beni dehşete düşürdü.",korku
Kimya fabrikasındaki ana gaz tankının basınç göstergesinin kırmızı alarm verdiğini fark ettim.,korku
Yoğun bakımdaki yakınımın bağlı olduğu yaşam destek cihazından uzun ve kesintisiz bir bip sesi yükseldi.,korku
Gece arabayla ıssız bir yolda ilerlerken farların birden sönmesiyle zifiri karanlığın ortasında kaldım.,korku
Evin çelik kapısının dışarıdan bir maymuncukla zorlandığını içeriden kilit seslerini duyarak fark ettim.,korku
"Büyük ve tüylü bir örümceğin yatağımın üzerinde, yüzüme doğru yavaşça ilerlediğini gördüm.",korku
İzlediğim bilim kurgu filmindeki o parazit yaratığın gerçek hayatta da mutasyona uğrayabileceği fikri ürkütücü.,korku
Hırçın nehirde akıntıya kapılıp devasa şelaleye doğru sürüklendiğimi fark ettiğim an panikledim.,korku
Büyük tiyatro sahnesine çıkmadan hemen önce heyecan ve korkudan tüm repliklerimi unuttuğumu fark ettim.,korku
Şiddetli şimşek çakması ve yıldırım düşmesiyle birlikte evdeki tüm camlar zangır zangır titredi.,korku
Yapay zekanın insan bilincini taklit edip insanlığı ele geçireceğine dair senaryolar beni tedirgin ediyor.,korku
Okyanusta tüplü dalış yaparken derinliklerin karanlığında arkamda devasa bir köpekbalığı gölgesi belirdi.,korku
Tarihi lahiti incelerken duvardaki eski bir ölüm laneti yazıtını okudum ve içim ürperdi.,korku
Küçük çocuğun beşinci katın balkonundan aşağı sarkar vaziyette durduğunu görünce yüreğim ağzıma geldi.,korku
Gece yürüyüşünde eski mezarlığın içinden tuhaf bir çocuk ağlama sesi geldiğini net duydum.,korku
Yıllardır kimsenin yaşamadığı o metruk binanın kırık penceresinden dışarıya doğru kırmızı bir ışık sızıyordu.,korku
Büyük cerrahi ameliyata girmeden hemen önce narkoz maskesini yüzüme taktıklarında çok korktum.,korku
Kışın donmuş gölün üzerinde yürürken ayağımın altındaki kalın buz katmanının aniden çatladığını duydum.,korku
Bilgisayarımın kamerasının ben açmadığım halde yeşil ışığının kendi kendine yandığını gördüm.,korku
Ormandaki bataklık alana basıp dibe doğru yavaşça çökmeye başladığımı hissettiğim an dehşete düştüm.,korku
Gece uykumdan uyanıp vücudumu hiçbir şekilde hareket ettiremediğimi fark edince felç olduğumu sandım.,korku
Fırtınada çatının uçtuğunu ve kiremitlerin bahçeye savrulduğunu pencereden izlerken çok korktum.,korku
Bilinmeyen bir zehirli gaz sızıntısı nedeniyle tüm mahallenin tahliye edileceği anonsunu duyunca panikledim.,korku
Yabancı bir web sitesinde kendi evimin içinin canlı olarak yayınlandığını görmek beni dehşete düşürdü.,korku
Askerlik görevimi yaparken sınır boyunda ilk kez sıcak çatışma seslerini duyduğumda çok korkmuştum.,korku
Vahşi hayvan barınağında aslan kafesinin kapısının aralık kaldığını fark ettiğim an dondum kaldım.,korku
Denizaltı turunda camda küçük bir çatlağın belirmesi ve su sızdırması yolcuları dehşete düşürdü.,korku
Eski kilisenin bodrumunda duvarın arkasından gelen kazma ve tırmalama sesleri içimi ürpertti.,korku
Arabanın arka koltuğunda benden habersiz birinin oturduğunu dikiz aynasından fark ettim.,korku
Laboratuvarda ölümcül virüs içeren tüpün elimden kayıp yere düşmesiyle zaman durdu sandım.,korku
Gece yarısı telefonuma gelen ve sadece nefes sesinin duyulduğu o arama beni çok korkuttu.,korku
Tarihi kalede gezerken gizli bir dehlize düşüp yukarı tırmanamayacağımı anladığımda panikledim.,korku
Fırtınalı havada denizde teknemizin motorunun bozulması ve dalgaların bizi kayalıklara sürüklemesi korkunçtu.,korku
Evdeki akıllı televizyonun gece yarısı kendi kendine açılıp son ses çığlık efekti vermesi ürkütücüydü.,korku
Hastanede karantinaya alınan o özel bölüme yanlışlıkla girdiğimi fark edince dehşete kapıldım.,korku
Yolda yürürken üzerime doğru büyük bir hızla beton blok düştüğünü son anda fark edip kaçtım.,korku
Ormanda yürürken ayağımın hemen yanından büyük bir engerek yılanının süzüldüğünü gördüm.,korku
Uçurum kenarında fotoğraf çekilirken ayağımın altındaki toprağın kaymasıyla yüreğim ağzıma geldi.,korku
Eski fabrikanın asansör boşluğuna düşmekten son anda demirlere tutunarak kurtuldum.,korku
Gece uykumda bir elin boğazımı sıktığını hissederek uyandım ama odada kimse yoktu.,korku
Bilinmeyen bir tarikatın gizli ayinine casusluk yaparken yakalandığım o an hayatımdan ümidi kestim.,korku
Kimyasal sızıntı alarmı çaldığında sığınak kapısının kilitli olduğunu görmek dehşet vericiydi.,korku
Büyük bir fırtınada elektrik direğinin evimizin üzerine doğru devrilmesini korkuyla izledik.,korku
Dalış yaparken oksijen tüpümün göstergesinin aniden sıfıra indiğini fark ettim.,korku
Evde tek başımayken aynadaki yansımamın bana bakıp gülümsediğini gördüğümü sandım.,korku
Lunaparktaki dönme dolabın en tepesindeyken vidaların gevşeyip fırladığını gördüm.,korku
Sisli yolda ilerlerken karşı şeritten bir tırın üzerimize doğru son hızla geldiğini gördüm.,korku
Terk edilmiş köyde gezerken tüm evlerin kapılarının aynı anda rüzgardan çarpması ürküttü.,korku
"Yeni aldığım akıllı ev sisteminin kapıları üzerime kilitleyip ""içeride bir tehdit var"" demesi korkunçtu.",korku
Kış kampında çadırın üzerine dev bir çam ağacı dalının kırılıp düşmesiyle panikle uyandım.,korku
Hastanede bana yanlış kan grubu verildiğini hemşirenin panik halinden anlayınca çok korktum.,korku
Eski kütüphanenin gizli bölmesindeki el yazması kitapta kendi ölüm tarihimi gördüm.,korku
Denizde yüzerken aniden ayağıma giren kramp yüzünden suyun dibine doğru batmaya başladım.,korku
Yolda yürürken arkamdaki binadan kopan devasa mermer blok tam önüme düştü.,korku
Gece evde yalnızken kapı zilinin aralıksız ve ısrarla çalınması beni dehşete düşürdü.,korku
Hayvanat bahçesinde gezerken kobra yılanının cam bölmeyi çatlattığını fark ettim.,korku
Gezegenimize doğru yaklaşan devasa bir asteroit olduğuna dair resmi açıklamayı izlerken ürperdim.,korku
Tünelde arabamın motorunun yanmaya başlaması ve yoğun duman altında kalmamız korkunçtu.,korku
Gece yarısı ormandaki kulübenin pencerelerine birilerinin dışarıdan vurduğunu duydum.,korku
Ameliyat esnasında narkozun etkisinin geçmesi ve her şeyi hissetmeye başlamam kabus gibiydi.,korku
Büyük bir patlama sesiyle birlikte oturduğumuz binanın temelinden sallandığını hissettim.,korku
Yolda yürürken yer altı gaz borusunun patlamasıyla alevlerin önümü kesmesi ürküttü.,korku
Tarihi zindanda gezerken rehberin bizi içeride unutup kapıyı kilitlemesiyle panikledim.,korku
Deniz kenarında yürürken devasa bir tsunami dalgasının ufukta belirdiğini gördüm.,korku
Evdeki köpeğimin boş bir köşeye bakarak sürekli hırlaması ve korkuyla geri çekilmesi ürpütücüydü.,korku
Yeni taşındığım evin bodrumunda eski kelepçeler ve kan lekeleri buldum.,korku
Uçakta kabin basıncının düşmesiyle oksijen maskelerinin yukarıdan sarkması panik yarattı.,korku
Yolda yürürken başıboş bir boğanın sinirli bir şekilde üzerime doğru koştuğunu gördüm.,korku
Gece yarısı bilgisayar ekranında aniden beliren korkunç yüz ve gelen çığlık sesi ürküttü.,korku
Fabrikada yüksek gerilim hattının kopup yanıma düşmesiyle kıvılcımlar arasında kaldım.,korku
Bilinmeyen bir adada yerliler tarafından etrafımın sarılması ve mızrakların bana doğrulması korkunçtu.,korku
Yıllardır ev uysalı sandığım yaşlı kedimin balkondan uçan kırlangıcı havada yakalaması inanılmazdı.,saskinlik
Hiç ummadığım bir anda çocukluk aşkımın on yıl sonra karşıma çıkıp evlenme teklif etmesi şoke etti.,saskinlik
Arkeolojik kazıda Göbeklitepe'den daha eski ve gelişmiş bir metal işleme aletinin bulunduğunu duydum.,saskinlik
Sabah kalkıp pencereyi açtığımda tüm şehrin bir gecede bembeyaz çöl kumuyla kaplandığını gördüm.,saskinlik
Sıradan bir market alışverişindeki fiş numaramla lüks model araba çekilişini kazandığımı öğrendim.,saskinlik
İngilizceyi zar zor konuşan asosyal arkadaşımın meğer akıcı şekilde dört farklı dil bildiğini öğrendim.,saskinlik
Laboratuvardaki kimyasal deney tüpünün mavi yerine aniden parlak pembe renge dönüşmesi şaşırttı.,saskinlik
"Yıllardır sessiz sakin, emekli bilinen komşumuzun geçmişte gizli bir rock yıldızı olduğu ortaya çıktı.",saskinlik
Sahnede sihirbazın şapkasından klasik güvercin yerine canlı bir bukalemun çıkarması beklenmedikti.,saskinlik
Telefonumu otobüste düşürdüm sanırken montumun astarının gizli yırtığından çıkmasına şaşırdım.,saskinlik
Bahçede sıradan bir kaldırım taşı sandığım nesnenin aslında nadir bir göktaşı olduğunu açıkladılar.,saskinlik
"Hiç ders çalışmayan, sürekli uyuyan o haylaz öğrencinin fizik olimpiyatlarında dünya birincisi olduğunu öğrendim.",saskinlik
"Ofisteki o sert, disiplinli ve somurtkan genel müdürün odasında tek başına breakdans yaptığını gördüm.",saskinlik
Çöpe atılacak o eski tozlu tablonun ünlü bir rönesans ressamına ait orijinal eser olduğu belirlendi.,saskinlik
Yol kenarında yürürken devasa bir meşe ağacının gövdesinden su yerine süt fışkırdığını gözlemledim.,saskinlik
Hiç tanımadığım yabancı bir iş adamından adıma milyon dolarlık bir miras kaldığı noterden tebliğ edildi.,saskinlik
Yıllar önce hobi olarak denize bıraktığım şişenin içindeki mektubun Avustralya'da bulunması bir mucize.,saskinlik
Gittiğim mağazadaki cansız vitrin mankeninin aniden hareket edip bana el sallamasıyla irkildim.,saskinlik
Yeni aldığım muhabbet kuşunun daha ilk günden benimle felsefi cümleler kurması beni şaşırttı.,saskinlik
Gökyüzünde bulutsuz ve açık bir havada aynı anda iki tane güneşin belirdiğini gözlerimle gördüm.,saskinlik
Üniversite sınavından sıfır beklerken optik okuyucu hatası nedeniyle Türkiye birincisi olduğumu gördüm.,saskinlik
Yıllarca benden nefret ettiğini düşündüğüm katı yöneticimin meğer gizli hamim olduğunu öğrendim.,saskinlik
Okuduğum polisiye kitabın son sayfasında katilin aslında dedektifin ikiz ruhu çıkması şoke ediciydi.,saskinlik
Evin arkasındaki eski tarlayı sürerken pulluğa takılan küpten yüzlerce altın sikke çıktı.,saskinlik
Hiç bilet almadığım halde e-posta kutumda dünya turu çekilişi kazandığıma dair resmi yazı gördüm.,saskinlik
Kutup ışıklarının bu gece Akdeniz semalarında da net bir şekilde izlenebilmesi büyük şaşkınlık yarattı.,saskinlik
En yakın iş arkadaşımın aslında holding sahibinin gizli varisi olduğunu beş yıl sonra öğrendim.,saskinlik
Geliştirdiğim yapay zeka botunun benimle tamamen felsefi ve özgün bir dille tartıştığını gördüm.,saskinlik
"İş yerindeki o sessiz, kendi halindeki stajyerin aslında ünlü bir dahi olduğunu öğrendik.",saskinlik
Bahçedeki yaşlı elma ağacının bu yıl tamamen olgun armutlar verdiğini görünce gözlerime inanamadım.,saskinlik
Doğum günümde boş odama girdiğimde tüm arkadaşlarımın saklandıkları dolaplardan fırlaması şaşırttı.,saskinlik
Hiç mutfağa girmeyen gurme eşimin bana muazzam bir İtalyan akşam yemeği hazırlaması şoke etti.,saskinlik
Antarktika'da kalın buzulların altında bozulmamış yeşil bir antik vaha keşfedildiğini haberlerde okudum.,saskinlik
Yolda yürürken gökyüzünden aniden binlerce canlı kurbağanın yağmaya başlaması akıl almazdı.,saskinlik
Yıllardır kayıp olan kedimin tam yedi yıl sonra kapının önünde hiçbir şey olmamış gibi belirmesi şaşırttı.,saskinlik
Yeni aldığım akıllı saatin benim henüz söylemediğim düşüncelerimi ekrana yansıtması şoke etti.,saskinlik
Arkeoloji müzesindeki o üç bin yıllık antik heykelin bana ikizim kadar benzediğini fark edince dondum.,saskinlik
Bir gecede saçlarımın ve sakallarımın tamamen kar beyazına döndüğünü sabah aynaya bakınca fark ettim.,saskinlik
Dünyanın en kurak çölü olan Atacama'ya son iki yüz yılın en büyük selinin vurduğunu gördüm.,saskinlik
Hiç idman yapmayan birinin maratonda profesyonel Kenyalı atletleri geçerek birinci olması şaşırttı.,saskinlik
Evin rutubetli bodrumunda gizli bir duvar bölmesi ve oraya saklanmış devasa bir kütüphane buldum.,saskinlik
Telefonumun şarjının iki hafta boyunca aralıksız kullanmama rağmen yüzde yüzde sabit kalması olağanüstüydü.,saskinlik
Çok ucuz ve salaş bir yol üstü lokantasında dünyanın en lezzetli Michelin yıldızlı yemeğini yedim.,saskinlik
Banyoda aynaya baktığımda yansımamın benden birkaç saniye sonra hareket ettiğini görüp dondum.,saskinlik
Bilim insanlarının laboratuvarda zamanda geriye doğru kuantum verisi göndermeyi başardıkları açıklandı.,saskinlik
Sokaktaki o hırpani kılıklı dilencinin akşam lüks bir spor arabaya binip gittiğini gördüm.,saskinlik
En sevdiğim bilgisayar oyununun gizli bir odasında kendi çocukluk fotoğrafımı görünce şoke oldum.,saskinlik
Yıllardır görmediğim ilkokul öğretmenimin Amazon ormanlarında yerel bir kabileyle yaşadığını öğrendim.,saskinlik
Çocuğun elindeki kağıttan uçağın gerçekten gerçek bir drone gibi havada saatlerce uçması şaşırttı.,saskinlik
Odamdaki salon bitkisinin çalınan klasik müzik ritmine göre yapraklarını salladığını gözlemledim.,saskinlik
Tarihi bir çeşmeden su yerine kırmızı şarap aktığını gören mahalleli büyük bir şaşkınlık yaşadı.,saskinlik
Yıllardır dilsiz olarak bilinen adamın aniden kusursuz bir diksiyonla konuşmaya başlaması şoke etti.,saskinlik
Yeraltı metrosunda seyahat ederken pencerelerin dışından rengarenk balıkların geçtiğini gördüm.,saskinlik
Kendi yazdığım amatör şiirin dünyaca ünlü bir şarkıcı tarafından bestelendiğini radyoda duydum.,saskinlik
Evdeki eski televizyonun fişi çekili olduğu halde kendi kendine nostaljik yayınlar yapması şaşırttı.,saskinlik
Sokakta yürürken yer çekiminin birkaç saniyeliğine azaldığını ve havada süzüldüğümü hissettim.,saskinlik
Aldığım sıradan tavuk yumurtasının içinden kapkara bir sarı çıkması beni hayrete düşürdü.,saskinlik
Yıllarca kör olan bir adamın göz ameliyatı olmadan aniden görmeye başladığı tıp dünyasını şaşırttı.,saskinlik
Ünlü bir tablonun arkasında gizli bir dünya haritası ve şifreler bulunduğunu müze müdürü açıkladı.,saskinlik
Bahçedeki köpeğimin sabah uyandığımda gazete okur gibi önündeki kağıda baktığını gördüm.,saskinlik
Gökyüzünde bulutların kusursuz bir insan yüzü şeklini aldığını televizyon haberlerinde izledim.,saskinlik
Hiç bilmediğim bir konuda girdiğim bilgi yarışmasında tüm soruları doğru tahmin ederek kazandım.,saskinlik
Eski bir pusulanın sürekli olarak kuzey yerine benim oturduğum yönü gösterdiğini fark ettim.,saskinlik
Gittiğim antik tiyatroda fısıldadığım kelimenin karşı taraftan megafonla söylenmiş gibi duyulması şaşırttı.,saskinlik
Yeni aldığım arabanın yakıt göstergesinin sürdükçe azalmak yerine arttığını fark ettim.,saskinlik
Deniz kenarında yürürken dalgaların kıyıya binlerce parıltılı deniz kabuğu bıraktığını gördüm.,saskinlik
Yemek masasının üzerindeki tuzluğun kendi kendine havada durduğunu görünce gözlerimi ovuşturdum.,saskinlik
Yıllardır bitki sandığım nesnenin aslında nadir bir hayvan türü olduğu uzmanlarca açıklandı.,saskinlik
Kütüphanede rastgele açtığım kitabın içinde tam olarak o anki düşüncelerimin yazılı olduğunu gördüm.,saskinlik
Gecenin bir yarısı gökyüzünden yeşil bir ışık huzmesinin bahçeme doğru indiğini gördüm.,saskinlik
Hiç müzik eğitimi almamış beş yaşındaki çocuğun piyanoda Mozart çalması herkesi şoke etti.,saskinlik
"Eski bir madalyonun sıcak havalarda buz gibi soğuk, kışın ise sıcacık kaldığını fark ettim.",saskinlik
Yolda yürürken yanından geçtiğim tüm sokak lambalarının sırayla rengarenk yanmaya başlaması şaşırttı.,saskinlik
Denizde yüzerken suyun altında batık bir antik kentin minarelerini net bir şekilde gördüm.,saskinlik
Evdeki kedimin televizyondaki belgeseli izlerken insan gibi oturduğunu fark edince şaşırdım.,saskinlik
Yeni taşındığım evin duvar kağıtlarının güneş ışığına göre desen değiştirdiğini fark ettim.,saskinlik
Sokaktaki sahipsiz köpeğin beni evimin kapısına kadar takip edip anahtarı ağzıyla vermesi şaşırttı.,saskinlik
Açık artırmada satılan eski bir sandığın içinden hiç açılmamış yüz yıllık parfümler çıktı.,saskinlik
Dağ tırmanışında bulutların tamamen üzerindeyken aşağıda şimşeklerin çaktığını izlemek şaşırtıcıydı.,saskinlik
Bahçeye diktiğim sıradan tohumların bir gecede devasa boyutlara ulaştığını görünce şoke oldum.,saskinlik
Kendi kendine hareket eden eski bir tekerlekli sandalyenin müzede sergilendiğini gördüm.,saskinlik
Telefonumun kamerasını gökyüzüne çevirdiğimde ekranda görünmeyen takım yıldızlarının belirmesi şaşırttı.,saskinlik
Yemek yaparken kestiğim soğunun içinden mükemmel bir kalp şekli çıktığını gördüm.,saskinlik
Gittiğim sinema salonunda benden başka kimsenin olmadığını ve filmin sadece bana oynatıldığını öğrendim.,saskinlik
Eski bir saatin pilsiz ve kurmasız olduğu halde yüz yıldır aralıksız çalıştığını söylediler.,saskinlik
Deniz kenarında yürürken suyun üzerinde batmadan yürüyen bir kuş türü gördüm.,saskinlik
Yapay zeka asistanımın bana çocukken en çok sevdiğim ama unuttuğum oyuncağı sorması şaşırttı.,saskinlik
Tarihi bir binanın tavanındaki fresklerin canlanıp hareket ettiğini sanıp gözlerimi kırptım.,saskinlik
"Yolda yürürken havada asılı duran su damlaları gördüm, sanki zaman durmuş gibiydi.",saskinlik
Yeni aldığım kalemin yazdıkça kendi kendine silindiğini görünce hayretler içinde kaldım.,saskinlik
Bahçedeki havuzun suyunun geceleri fosforlu yeşil bir ışık yaydığını fark ettim.,saskinlik
Hiç tanımadığım birinin yolda beni durdurup çocukluk takma adımla hitap etmesi şoke etti.,saskinlik
Eski bir kitabın sayfalarını çevirirken içinden canlı bir kelebeğin uçup çıkması şaşırttı.,saskinlik
Gökyüzünde beliren devasa bir gökkuşağının ters daire şeklinde olduğunu gördüm.,saskinlik
Yeni taşındığım dairenin tavanında gökyüzünün anlık durumunu gösteren bir mekanizma var.,saskinlik
Sokakta yürürken bir dükkanın vitrininde tam olarak benim üzerimdeki kıyafetlerin sergilendiğini gördüm.,saskinlik
Evdeki eski radyodan gelecekteki bir tarihe ait haber bülteninin okunduğunu duydum.,saskinlik
Deniz kabuğunu kulağıma dayadığımda deniz sesi yerine bir klasik müzik melodisi duydum.,saskinlik
Yolda bulduğum eski bir anahtarın evimin kapısını kusursuz bir şekilde açmasına şaşırdım.,saskinlik
Bahçedeki güllerin bu sabah tamamen mavi ve metalik renkte açtığını görünce dondum kaldım.,saskinlik
Gece eve dönerken arkamdan gelen sesler beni çok tedirgin etti.,korku
Karanlık sokakta yalnız yürümek içime korku düşürdü.,korku
Bir anda kapının sertçe çalması beni ürküttü.,korku
Evde yalnızken camdan gelen ses yüzünden korktum.,korku
Telefonuma gelen tehdit mesajı beni çok korkuttu.,korku
Kaybolduğumu fark edince panikledim.,korku
Köpeğin üzerime doğru koşması beni çok korkuttu.,korku
Yarınki ameliyat sonucunu beklemek beni endişelendiriyor.,korku
Deprem olacak diye gece uyuyamadım.,korku
Karanlık odadan gelen garip ses içimi ürpertti.,korku
Birinin beni takip ettiğini düşününce çok korktum.,korku
Kötü bir haber alacağımı hissedince kaygılandım.,korku
Uçağa binmeden önce içimi büyük bir korku kapladı.,korku
Sınavdan kalırsam ne yapacağım diye çok korkuyorum.,korku
Hastaneden gelecek sonucu beklerken çok tedirginim.,korku
Gece elektrikler kesilince korkudan hareket edemedim.,korku
Ani bir patlama sesi duyunca korkuyla yerimden sıçradım.,korku
Karanlık merdivenlerden inerken çok ürktüm.,korku
Eve geç saatte dönmek zorunda kalınca korktum.,korku
Kalabalığın içinde kaybolunca panik yaptım.,korku
Arabada ani fren yapılınca çok korktum.,korku
Kötü bir şey olacakmış gibi hissediyorum.,korku
Yalnız kalınca içimi garip bir korku sardı.,korku
Bilmediğim bir yerden geçerken tedirgin oldum.,korku
Kapının önünde birinin beklediğini görünce korktum.,korku
Geceleri tek başıma yürümek beni huzursuz ediyor.,korku
Yakınımın başına kötü bir şey gelmesinden korkuyorum.,korku
Doktorun açıklama yapmasını beklerken içim sıkıştı.,korku
Karanlıkta bir gölge görünce çok ürktüm.,korku
Gece gelen bilinmeyen arama beni korkuttu.,korku
Sınav sonucum kötü gelirse aileme ne diyeceğim diye korkuyorum.,korku
Bir anda alarm çalınca panikledim.,korku
Yüksek bir yerden aşağı bakınca korkuya kapıldım.,korku
Karanlıkta kapının aralık olduğunu görünce ürktüm.,korku
Dışarıdan gelen bağırış sesleri beni korkuttu.,korku
Gece sokakta kavga çıktığını görünce tedirgin oldum.,korku
Yalnız başıma asansörde kalınca panik yaptım.,korku
Hızlı giden arabada kendimi güvende hissetmedim.,korku
Bilinmeyen birinden gelen mesaj beni huzursuz etti.,korku
Kötü ihtimalleri düşündükçe daha çok korkuyorum.,korku
Aniden ışıkların sönmesi beni ürküttü.,korku
Karanlık koridordan geçerken içim daraldı.,korku
Evde garip bir koku duyunca korktum.,korku
Yaklaşan sınav yüzünden içimde büyük bir kaygı var.,korku
Aileme kötü bir haber gelecek diye endişeleniyorum.,korku
Hastanede beklerken içimi korku kapladı.,korku
Yolda biri bana doğru hızlıca yürüyünce korktum.,korku
Gece pencereden gelen tıkırtı beni ürküttü.,korku
Telefonum çekmeyince yalnız kaldığımı düşünüp panikledim.,korku
Ormanda yolumu kaybettiğimi anlayınca korktum.,korku
Bir anda siren sesleri duyunca tedirgin oldum.,korku
Kötü rüya gördükten sonra tekrar uyumaya korktum.,korku
Kapının kilitli olmadığını fark edince ürktüm.,korku
Kalbim hızlı atmaya başlayınca panik oldum.,korku
Gece dışarıdan ayak sesleri gelmesi beni korkuttu.,korku
Tanımadığım birinin beni izlediğini sandım.,korku
Aniden yere düşen eşyanın sesi beni korkuttu.,korku
Yalnız başıma beklerken içimi huzursuzluk kapladı.,korku
Kötü sonuç ihtimali yüzünden kendimi güvende hissetmiyorum.,korku
Karanlıkta hareket eden bir şey görünce korkuya kapıldım.,korku
"Bunu hiç beklemiyordum, gerçekten çok şaşırdım.",saskinlik
Karşıma çıkınca bir an ne diyeceğimi bilemedim.,saskinlik
Bu kadar güzel bir haber alacağımı hiç düşünmemiştim.,saskinlik
Onun böyle bir karar vermesine inanamadım.,saskinlik
Kapıyı açınca herkesin bana sürpriz yaptığını gördüm.,saskinlik
Bu sonucun böyle çıkacağını tahmin etmiyordum.,saskinlik
Arkadaşımın gizlice evlendiğini duyunca şaşkına döndüm.,saskinlik
Bir anda adımın anons edilmesi beni şaşırttı.,saskinlik
Duyduklarım karşısında ağzım açık kaldı.,saskinlik
Beklemediğim anda gelen haber beni hayrete düşürdü.,saskinlik
Onun beni hatırlamasına çok şaşırdım.,saskinlik
Bir anda herkesin beni alkışlamaya başlaması beni şaşırttı.,saskinlik
Bu kadar hızlı değişmesine gerçekten hayret ettim.,saskinlik
Daha önce hiç böyle bir şey görmemiştim.,saskinlik
Sonucun tam ters çıkması beni şaşkına çevirdi.,saskinlik
Eski arkadaşımı karşımda görünce çok şaşırdım.,saskinlik
Hediyeyi görünce ne diyeceğimi bilemedim.,saskinlik
Bunun bu kadar kolay çözülmesine şaşırdım.,saskinlik
Hocanın beni örnek göstermesine çok şaşırdım.,saskinlik
Beklemediğim bir anda güzel bir haber aldım ve şaşırdım.,saskinlik
Onun bu kadar değişmiş olmasına inanamadım.,saskinlik
Bir anda bütün planın değiştiğini öğrenince şaşırdım.,saskinlik
Kimsenin bilmediği şeyi onun bilmesi beni şaşırttı.,saskinlik
Bu kadar kısa sürede bitirmesine hayret ettim.,saskinlik
Kazandığımı duyunca birkaç saniye konuşamadım.,saskinlik
Böyle bir teklif alacağımı hiç tahmin etmemiştim.,saskinlik
Bir anda karşıma çıkması beni korkutmadı ama çok şaşırttı.,saskinlik
Elektriklerin gelmesiyle herkesin alkışlamaya başlamasına şaşırdım.,saskinlik
Beklenmedik şekilde ismimin söylenmesi beni şaşırttı.,saskinlik
Son anda fikrini değiştirmesine gerçekten şaşırdım.,saskinlik
Uzun süredir görmediğim birini karşımda görünce şaşırdım.,saskinlik
Bu cevabı ondan duymayı hiç beklemiyordum.,saskinlik
Bir anda sınıfta ismimin söylenmesi beni şaşkına çevirdi.,saskinlik
Beklenmedik bir anda gelen mesaj beni şaşırttı.,saskinlik
O kadar farklı görünüyordu ki onu tanımakta zorlandım.,saskinlik
Bir anda herkesin sessizleşmesi beni şaşırttı.,saskinlik
Sonucun açıklanma şekline gerçekten hayret ettim.,saskinlik
Bu kadar büyük bir değişiklik olacağını düşünmemiştim.,saskinlik
Aniden önüme çıkan fırsat beni şaşırttı.,saskinlik
Onun bu başarıyı bu kadar çabuk elde etmesine şaşırdım.,saskinlik
Beklediğimden tamamen farklı bir cevap aldım.,saskinlik
Bir anda telefonuma ödül kazandığıma dair mesaj geldi.,saskinlik
Beni görünce herkesin gülümsemesi şaşırtıcıydı.,saskinlik
Planın tamamen değiştiğini öğrenince şaşkınlık yaşadım.,saskinlik
Bu kadar net konuşmasına şaşırdım.,saskinlik
Hiç beklemediğim bir anda güzel bir sürprizle karşılaştım.,saskinlik
Bunun gerçek olduğuna ilk başta inanamadım.,saskinlik
Bir anda sahneye çağrılınca ne yapacağımı bilemedim.,saskinlik
Gördüğüm manzara karşısında hayranlıkla şaşırdım.,saskinlik
O kişinin bana yardım etmesi beni çok şaşırttı.,saskinlik
Düşündüğümden çok daha farklı bir sonuç çıktı.,saskinlik
Bu kadar kısa sürede geri dönmesine inanamadım.,saskinlik
Beklemediğim anda kapıda onu görünce şaşırdım.,saskinlik
Bir anda herkesin bana baktığını fark edince şaşırdım.,saskinlik
Açıklanan sonuç karşısında birkaç saniye donup kaldım.,saskinlik
Böyle bir başarıyı bu kadar erken beklemiyordum.,saskinlik
Duyduğum haber beni şaşkınlık içinde bıraktı.,saskinlik
Onun böyle sakin kalmasına gerçekten şaşırdım.,saskinlik
Hiç aklımda yokken böyle bir teklif almak beni şaşırttı.,saskinlik
Bir anda herkesin bana sürpriz hazırladığını anladım.,saskinlik
